puuid,date,lane,individualPosition,win,match_id,championname
WkN99cwwIXv0mJMfKeqc_91y0IKI9bCaXTAUV8Nxgb9qd4HkuBW_FRjtapHPUqxF8ZDcWuomImNKAg,2022-01-31 17:26:49,JUNGLE,JUNGLE,True,EUW1_5703629671,Vi
WkN99cwwIXv0mJMfKeqc_91y0IKI9bCaXTAUV8Nxgb9qd4HkuBW_FRjtapHPUqxF8ZDcWuomImNKAg,2022-01-31 17:14:46,NONE,JUNGLE,False,EUW1_5703568929,Vi
WkN99cwwIXv0mJMfKeqc_91y0IKI9bCaXTAUV8Nxgb9qd4HkuBW_FRjtapHPUqxF8ZDcWuomImNKAg,2022-01-31 16:34:21,JUNGLE,JUNGLE,False,EUW1_5703519955,Vi
WkN99cwwIXv0mJMfKeqc_91y0IKI9bCaXTAUV8Nxgb9qd4HkuBW_FRjtapHPUqxF8ZDcWuomImNKAg,2022-01-19 18:23:14,JUNGLE,JUNGLE,True,EUW1_5677791059,Vi
WkN99cwwIXv0mJMfKeqc_91y0IKI9bCaXTAUV8Nxgb9qd4HkuBW_FRjtapHPUqxF8ZDcWuomImNKAg,2022-01-16 16:50:46,NONE,JUNGLE,True,EUW1_5671878341,Vi
WkN99cwwIXv0mJMfKeqc_91y0IKI9bCaXTAUV8Nxgb9qd4HkuBW_FRjtapHPUqxF8ZDcWuomImNKAg,2022-01-16 12:31:05,MIDDLE,MIDDLE,False,EUW1_5671376642,Yone
WkN99cwwIXv0mJMfKeqc_91y0IKI9bCaXTAUV8Nxgb9qd4HkuBW_FRjtapHPUqxF8ZDcWuomImNKAg,2022-01-14 15:59:26,NONE,MIDDLE,True,EUW1_5667237982,Yone
WkN99cwwIXv0mJMfKeqc_91y0IKI9bCaXTAUV8Nxgb9qd4HkuBW_FRjtapHPUqxF8ZDcWuomImNKAg,2022-01-14 15:29:08,JUNGLE,JUNGLE,False,EUW1_5667291614,Vi
WkN99cwwIXv0mJMfKeqc_91y0IKI9bCaXTAUV8Nxgb9qd4HkuBW_FRjtapHPUqxF8ZDcWuomImNKAg,2022-01-14 12:22:14,JUNGLE,JUNGLE,True,EUW1_5666975531,Vi
WkN99cwwIXv0mJMfKeqc_91y0IKI9bCaXTAUV8Nxgb9qd4HkuBW_FRjtapHPUqxF8ZDcWuomImNKAg,2022-01-13 20:20:55,JUNGLE,JUNGLE,False,EUW1_5666130611,Hecarim
WkN99cwwIXv0mJMfKeqc_91y0IKI9bCaXTAUV8Nxgb9qd4HkuBW_FRjtapHPUqxF8ZDcWuomImNKAg,2022-01-12 14:50:17,TOP,TOP,True,EUW1_5663491632,Renekton
WkN99cwwIXv0mJMfKeqc_91y0IKI9bCaXTAUV8Nxgb9qd4HkuBW_FRjtapHPUqxF8ZDcWuomImNKAg,2022-01-10 18:31:25,JUNGLE,JUNGLE,True,EUW1_5659802277,Vi
WkN99cwwIXv0mJMfKeqc_91y0IKI9bCaXTAUV8Nxgb9qd4HkuBW_FRjtapHPUqxF8ZDcWuomImNKAg,2022-01-10 18:05:43,NONE,MIDDLE,False,EUW1_5659676384,Leblanc
WkN99cwwIXv0mJMfKeqc_91y0IKI9bCaXTAUV8Nxgb9qd4HkuBW_FRjtapHPUqxF8ZDcWuomImNKAg,2022-01-10 17:26:22,MIDDLE,MIDDLE,False,EUW1_5659488757,Lux
WkN99cwwIXv0mJMfKeqc_91y0IKI9bCaXTAUV8Nxgb9qd4HkuBW_FRjtapHPUqxF8ZDcWuomImNKAg,2022-01-10 16:52:56,MIDDLE,MIDDLE,False,EUW1_5659462351,Galio
WkN99cwwIXv0mJMfKeqc_91y0IKI9bCaXTAUV8Nxgb9qd4HkuBW_FRjtapHPUqxF8ZDcWuomImNKAg,2022-01-10 16:12:01,MIDDLE,MIDDLE,False,EUW1_5659336107,Malzahar
WkN99cwwIXv0mJMfKeqc_91y0IKI9bCaXTAUV8Nxgb9qd4HkuBW_FRjtapHPUqxF8ZDcWuomImNKAg,2022-01-10 13:07:18,MIDDLE,MIDDLE,True,EUW1_5659058769,Fizz
WkN99cwwIXv0mJMfKeqc_91y0IKI9bCaXTAUV8Nxgb9qd4HkuBW_FRjtapHPUqxF8ZDcWuomImNKAg,2022-01-10 12:39:23,MIDDLE,MIDDLE,False,EUW1_5659125242,Ziggs
WkN99cwwIXv0mJMfKeqc_91y0IKI9bCaXTAUV8Nxgb9qd4HkuBW_FRjtapHPUqxF8ZDcWuomImNKAg,2022-01-07 20:30:43,MIDDLE,MIDDLE,True,EUW1_5653348145,Ziggs
WkN99cwwIXv0mJMfKeqc_91y0IKI9bCaXTAUV8Nxgb9qd4HkuBW_FRjtapHPUqxF8ZDcWuomImNKAg,2022-01-07 18:34:59,JUNGLE,JUNGLE,True,EUW1_5653133111,Vi
WkN99cwwIXv0mJMfKeqc_91y0IKI9bCaXTAUV8Nxgb9qd4HkuBW_FRjtapHPUqxF8ZDcWuomImNKAg,2021-11-07 16:37:10,NONE,MIDDLE,False,EUW1_5543566844,Galio
WkN99cwwIXv0mJMfKeqc_91y0IKI9bCaXTAUV8Nxgb9qd4HkuBW_FRjtapHPUqxF8ZDcWuomImNKAg,2021-08-29 16:02:21,MIDDLE,MIDDLE,True,EUW1_5436739246,Yone
WkN99cwwIXv0mJMfKeqc_91y0IKI9bCaXTAUV8Nxgb9qd4HkuBW_FRjtapHPUqxF8ZDcWuomImNKAg,2021-08-29 15:33:39,MIDDLE,MIDDLE,True,EUW1_5436744837,Lucian
SUY2c27GiYQq2nLUi8Czi1U5SyTtP4vwqvZbDFQJBP5TWv9WIVLkbI5TFciGqqcY1GWbuara5_j0yg,2022-01-30 13:02:25,TOP,TOP,True,EUW1_5701107411,Sett
SUY2c27GiYQq2nLUi8Czi1U5SyTtP4vwqvZbDFQJBP5TWv9WIVLkbI5TFciGqqcY1GWbuara5_j0yg,2022-01-18 20:34:46,JUNGLE,JUNGLE,True,EUW1_5676062636,Nunu
SUY2c27GiYQq2nLUi8Czi1U5SyTtP4vwqvZbDFQJBP5TWv9WIVLkbI5TFciGqqcY1GWbuara5_j0yg,2022-01-13 20:20:55,BOTTOM,BOTTOM,False,EUW1_5666130611,Caitlyn
SUY2c27GiYQq2nLUi8Czi1U5SyTtP4vwqvZbDFQJBP5TWv9WIVLkbI5TFciGqqcY1GWbuara5_j0yg,2022-01-12 16:42:45,BOTTOM,BOTTOM,True,EUW1_5663640169,Caitlyn
SUY2c27GiYQq2nLUi8Czi1U5SyTtP4vwqvZbDFQJBP5TWv9WIVLkbI5TFciGqqcY1GWbuara5_j0yg,2022-01-12 12:54:59,BOTTOM,BOTTOM,True,EUW1_5663286401,MissFortune
SUY2c27GiYQq2nLUi8Czi1U5SyTtP4vwqvZbDFQJBP5TWv9WIVLkbI5TFciGqqcY1GWbuara5_j0yg,2022-01-10 20:51:00,BOTTOM,BOTTOM,True,EUW1_5660354458,Caitlyn
SUY2c27GiYQq2nLUi8Czi1U5SyTtP4vwqvZbDFQJBP5TWv9WIVLkbI5TFciGqqcY1GWbuara5_j0yg,2022-01-10 18:00:20,BOTTOM,UTILITY,True,EUW1_5659675344,Jhin
SUY2c27GiYQq2nLUi8Czi1U5SyTtP4vwqvZbDFQJBP5TWv9WIVLkbI5TFciGqqcY1GWbuara5_j0yg,2022-01-10 17:17:23,BOTTOM,BOTTOM,True,EUW1_5659457323,Jinx
SUY2c27GiYQq2nLUi8Czi1U5SyTtP4vwqvZbDFQJBP5TWv9WIVLkbI5TFciGqqcY1GWbuara5_j0yg,2022-01-09 16:17:52,BOTTOM,BOTTOM,True,EUW1_5657631371,Kaisa
SUY2c27GiYQq2nLUi8Czi1U5SyTtP4vwqvZbDFQJBP5TWv9WIVLkbI5TFciGqqcY1GWbuara5_j0yg,2022-01-09 15:57:30,NONE,BOTTOM,False,EUW1_5657595943,MissFortune
SUY2c27GiYQq2nLUi8Czi1U5SyTtP4vwqvZbDFQJBP5TWv9WIVLkbI5TFciGqqcY1GWbuara5_j0yg,2022-01-08 14:55:57,BOTTOM,BOTTOM,True,EUW1_5655058975,MissFortune
SUY2c27GiYQq2nLUi8Czi1U5SyTtP4vwqvZbDFQJBP5TWv9WIVLkbI5TFciGqqcY1GWbuara5_j0yg,2022-01-07 15:56:57,BOTTOM,BOTTOM,True,EUW1_5652821099,Kaisa
SUY2c27GiYQq2nLUi8Czi1U5SyTtP4vwqvZbDFQJBP5TWv9WIVLkbI5TFciGqqcY1GWbuara5_j0yg,2021-11-19 09:51:00,TOP,TOP,True,EUW1_5563572079,Sylas
SUY2c27GiYQq2nLUi8Czi1U5SyTtP4vwqvZbDFQJBP5TWv9WIVLkbI5TFciGqqcY1GWbuara5_j0yg,2021-11-19 09:12:20,MIDDLE,TOP,False,EUW1_5563520547,Sylas
SUY2c27GiYQq2nLUi8Czi1U5SyTtP4vwqvZbDFQJBP5TWv9WIVLkbI5TFciGqqcY1GWbuara5_j0yg,2021-11-13 14:11:46,TOP,TOP,True,EUW1_5553151759,Sett
SUY2c27GiYQq2nLUi8Czi1U5SyTtP4vwqvZbDFQJBP5TWv9WIVLkbI5TFciGqqcY1GWbuara5_j0yg,2021-11-10 15:41:32,BOTTOM,BOTTOM,False,EUW1_5548427725,Caitlyn
SUY2c27GiYQq2nLUi8Czi1U5SyTtP4vwqvZbDFQJBP5TWv9WIVLkbI5TFciGqqcY1GWbuara5_j0yg,2021-11-08 14:46:58,BOTTOM,BOTTOM,True,EUW1_5544844095,Kaisa
SUY2c27GiYQq2nLUi8Czi1U5SyTtP4vwqvZbDFQJBP5TWv9WIVLkbI5TFciGqqcY1GWbuara5_j0yg,2021-11-08 14:18:35,BOTTOM,BOTTOM,False,EUW1_5544850627,Jhin
SUY2c27GiYQq2nLUi8Czi1U5SyTtP4vwqvZbDFQJBP5TWv9WIVLkbI5TFciGqqcY1GWbuara5_j0yg,2021-11-07 16:37:10,NONE,BOTTOM,False,EUW1_5543566844,Caitlyn
SUY2c27GiYQq2nLUi8Czi1U5SyTtP4vwqvZbDFQJBP5TWv9WIVLkbI5TFciGqqcY1GWbuara5_j0yg,2021-11-07 10:29:43,BOTTOM,BOTTOM,False,EUW1_5542985119,Caitlyn
SUY2c27GiYQq2nLUi8Czi1U5SyTtP4vwqvZbDFQJBP5TWv9WIVLkbI5TFciGqqcY1GWbuara5_j0yg,2021-11-05 18:00:08,BOTTOM,BOTTOM,True,EUW1_5540211501,Ezreal
SUY2c27GiYQq2nLUi8Czi1U5SyTtP4vwqvZbDFQJBP5TWv9WIVLkbI5TFciGqqcY1GWbuara5_j0yg,2021-10-24 14:56:18,BOTTOM,BOTTOM,False,EUW1_5521341509,Lucian
SUY2c27GiYQq2nLUi8Czi1U5SyTtP4vwqvZbDFQJBP5TWv9WIVLkbI5TFciGqqcY1GWbuara5_j0yg,2021-10-24 09:53:02,BOTTOM,BOTTOM,False,EUW1_5521003071,Caitlyn
SUY2c27GiYQq2nLUi8Czi1U5SyTtP4vwqvZbDFQJBP5TWv9WIVLkbI5TFciGqqcY1GWbuara5_j0yg,2021-10-20 13:36:34,BOTTOM,BOTTOM,True,EUW1_5515049536,Kaisa
SUY2c27GiYQq2nLUi8Czi1U5SyTtP4vwqvZbDFQJBP5TWv9WIVLkbI5TFciGqqcY1GWbuara5_j0yg,2021-10-20 08:41:18,BOTTOM,BOTTOM,False,EUW1_5514475988,Ezreal
SUY2c27GiYQq2nLUi8Czi1U5SyTtP4vwqvZbDFQJBP5TWv9WIVLkbI5TFciGqqcY1GWbuara5_j0yg,2021-10-18 13:04:37,BOTTOM,BOTTOM,False,EUW1_5511892777,Kaisa
SUY2c27GiYQq2nLUi8Czi1U5SyTtP4vwqvZbDFQJBP5TWv9WIVLkbI5TFciGqqcY1GWbuara5_j0yg,2021-10-16 09:47:00,BOTTOM,BOTTOM,True,EUW1_5508274101,Kaisa
SUY2c27GiYQq2nLUi8Czi1U5SyTtP4vwqvZbDFQJBP5TWv9WIVLkbI5TFciGqqcY1GWbuara5_j0yg,2021-10-13 15:59:19,BOTTOM,BOTTOM,True,EUW1_5504350650,MissFortune
SUY2c27GiYQq2nLUi8Czi1U5SyTtP4vwqvZbDFQJBP5TWv9WIVLkbI5TFciGqqcY1GWbuara5_j0yg,2021-10-13 15:22:00,BOTTOM,BOTTOM,False,EUW1_5504265666,Kaisa
SUY2c27GiYQq2nLUi8Czi1U5SyTtP4vwqvZbDFQJBP5TWv9WIVLkbI5TFciGqqcY1GWbuara5_j0yg,2021-10-05 19:52:08,TOP,TOP,False,EUW1_5492919360,Sett
SUY2c27GiYQq2nLUi8Czi1U5SyTtP4vwqvZbDFQJBP5TWv9WIVLkbI5TFciGqqcY1GWbuara5_j0yg,2021-10-05 09:19:58,TOP,TOP,False,EUW1_5491975251,Sett
SUY2c27GiYQq2nLUi8Czi1U5SyTtP4vwqvZbDFQJBP5TWv9WIVLkbI5TFciGqqcY1GWbuara5_j0yg,2021-10-04 09:42:50,JUNGLE,TOP,True,EUW1_5490736132,Sett
SUY2c27GiYQq2nLUi8Czi1U5SyTtP4vwqvZbDFQJBP5TWv9WIVLkbI5TFciGqqcY1GWbuara5_j0yg,2021-10-03 09:13:39,TOP,TOP,False,EUW1_5488839940,Sett
SUY2c27GiYQq2nLUi8Czi1U5SyTtP4vwqvZbDFQJBP5TWv9WIVLkbI5TFciGqqcY1GWbuara5_j0yg,2021-10-03 08:41:46,TOP,TOP,False,EUW1_5488875817,Aatrox
SUY2c27GiYQq2nLUi8Czi1U5SyTtP4vwqvZbDFQJBP5TWv9WIVLkbI5TFciGqqcY1GWbuara5_j0yg,2021-10-02 15:58:05,TOP,TOP,False,EUW1_5487990816,Sett
SUY2c27GiYQq2nLUi8Czi1U5SyTtP4vwqvZbDFQJBP5TWv9WIVLkbI5TFciGqqcY1GWbuara5_j0yg,2021-10-02 15:21:25,BOTTOM,BOTTOM,False,EUW1_5487973314,Ezreal
SUY2c27GiYQq2nLUi8Czi1U5SyTtP4vwqvZbDFQJBP5TWv9WIVLkbI5TFciGqqcY1GWbuara5_j0yg,2021-10-01 14:45:14,BOTTOM,BOTTOM,False,EUW1_5486131132,Ezreal
SUY2c27GiYQq2nLUi8Czi1U5SyTtP4vwqvZbDFQJBP5TWv9WIVLkbI5TFciGqqcY1GWbuara5_j0yg,2021-09-30 18:36:22,BOTTOM,BOTTOM,True,EUW1_5485186689,Ezreal
SUY2c27GiYQq2nLUi8Czi1U5SyTtP4vwqvZbDFQJBP5TWv9WIVLkbI5TFciGqqcY1GWbuara5_j0yg,2021-09-30 16:33:51,BOTTOM,BOTTOM,True,EUW1_5484978794,Ezreal
SUY2c27GiYQq2nLUi8Czi1U5SyTtP4vwqvZbDFQJBP5TWv9WIVLkbI5TFciGqqcY1GWbuara5_j0yg,2021-09-29 19:33:07,BOTTOM,BOTTOM,False,EUW1_5484101345,Kaisa
SUY2c27GiYQq2nLUi8Czi1U5SyTtP4vwqvZbDFQJBP5TWv9WIVLkbI5TFciGqqcY1GWbuara5_j0yg,2021-08-29 16:02:21,TOP,TOP,True,EUW1_5436739246,Gnar
SUY2c27GiYQq2nLUi8Czi1U5SyTtP4vwqvZbDFQJBP5TWv9WIVLkbI5TFciGqqcY1GWbuara5_j0yg,2021-08-29 15:33:39,JUNGLE,TOP,True,EUW1_5436744837,Kennen
SUY2c27GiYQq2nLUi8Czi1U5SyTtP4vwqvZbDFQJBP5TWv9WIVLkbI5TFciGqqcY1GWbuara5_j0yg,2021-08-28 11:42:44,TOP,TOP,False,EUW1_5434831066,Sett
SUY2c27GiYQq2nLUi8Czi1U5SyTtP4vwqvZbDFQJBP5TWv9WIVLkbI5TFciGqqcY1GWbuara5_j0yg,2021-08-27 17:26:36,TOP,TOP,False,EUW1_5433853217,Sett
SUY2c27GiYQq2nLUi8Czi1U5SyTtP4vwqvZbDFQJBP5TWv9WIVLkbI5TFciGqqcY1GWbuara5_j0yg,2021-08-27 16:52:37,TOP,TOP,False,EUW1_5433788962,Gnar
SUY2c27GiYQq2nLUi8Czi1U5SyTtP4vwqvZbDFQJBP5TWv9WIVLkbI5TFciGqqcY1GWbuara5_j0yg,2021-08-27 16:21:23,TOP,TOP,False,EUW1_5433794915,Gnar
SUY2c27GiYQq2nLUi8Czi1U5SyTtP4vwqvZbDFQJBP5TWv9WIVLkbI5TFciGqqcY1GWbuara5_j0yg,2021-08-26 15:38:48,TOP,TOP,False,EUW1_5431997905,Sett
SUY2c27GiYQq2nLUi8Czi1U5SyTtP4vwqvZbDFQJBP5TWv9WIVLkbI5TFciGqqcY1GWbuara5_j0yg,2021-08-25 15:57:26,TOP,TOP,True,EUW1_5430840857,Irelia
SUY2c27GiYQq2nLUi8Czi1U5SyTtP4vwqvZbDFQJBP5TWv9WIVLkbI5TFciGqqcY1GWbuara5_j0yg,2021-08-25 15:28:55,TOP,TOP,False,EUW1_5430776977,Chogath
SUY2c27GiYQq2nLUi8Czi1U5SyTtP4vwqvZbDFQJBP5TWv9WIVLkbI5TFciGqqcY1GWbuara5_j0yg,2021-08-07 00:13:29,TOP,TOP,False,EUW1_5402719610,Sett
SUY2c27GiYQq2nLUi8Czi1U5SyTtP4vwqvZbDFQJBP5TWv9WIVLkbI5TFciGqqcY1GWbuara5_j0yg,2021-08-05 07:26:46,TOP,TOP,True,EUW1_5400095011,Sett
SUY2c27GiYQq2nLUi8Czi1U5SyTtP4vwqvZbDFQJBP5TWv9WIVLkbI5TFciGqqcY1GWbuara5_j0yg,2021-08-04 15:29:37,TOP,TOP,True,EUW1_5399311201,Sett
SUY2c27GiYQq2nLUi8Czi1U5SyTtP4vwqvZbDFQJBP5TWv9WIVLkbI5TFciGqqcY1GWbuara5_j0yg,2021-08-04 11:53:37,TOP,TOP,True,EUW1_5398977490,Sett
SUY2c27GiYQq2nLUi8Czi1U5SyTtP4vwqvZbDFQJBP5TWv9WIVLkbI5TFciGqqcY1GWbuara5_j0yg,2021-08-04 08:33:28,TOP,TOP,True,EUW1_5398901450,Sett
SUY2c27GiYQq2nLUi8Czi1U5SyTtP4vwqvZbDFQJBP5TWv9WIVLkbI5TFciGqqcY1GWbuara5_j0yg,2021-08-03 16:36:14,TOP,TOP,True,EUW1_5397734632,Sett
SUY2c27GiYQq2nLUi8Czi1U5SyTtP4vwqvZbDFQJBP5TWv9WIVLkbI5TFciGqqcY1GWbuara5_j0yg,2021-08-03 15:57:57,TOP,TOP,True,EUW1_5397649411,Sett
SUY2c27GiYQq2nLUi8Czi1U5SyTtP4vwqvZbDFQJBP5TWv9WIVLkbI5TFciGqqcY1GWbuara5_j0yg,2021-08-03 14:53:28,MIDDLE,TOP,False,EUW1_5397611529,Sett
SUY2c27GiYQq2nLUi8Czi1U5SyTtP4vwqvZbDFQJBP5TWv9WIVLkbI5TFciGqqcY1GWbuara5_j0yg,2021-08-03 14:21:59,TOP,TOP,True,EUW1_5397537418,Sett
SUY2c27GiYQq2nLUi8Czi1U5SyTtP4vwqvZbDFQJBP5TWv9WIVLkbI5TFciGqqcY1GWbuara5_j0yg,2021-08-03 14:03:55,NONE,UTILITY,False,EUW1_5397495671,Xerath
SUY2c27GiYQq2nLUi8Czi1U5SyTtP4vwqvZbDFQJBP5TWv9WIVLkbI5TFciGqqcY1GWbuara5_j0yg,2021-08-03 09:12:54,BOTTOM,UTILITY,True,EUW1_5397267553,Thresh
SUY2c27GiYQq2nLUi8Czi1U5SyTtP4vwqvZbDFQJBP5TWv9WIVLkbI5TFciGqqcY1GWbuara5_j0yg,2021-08-03 08:39:20,BOTTOM,UTILITY,False,EUW1_5397216522,Xerath
SUY2c27GiYQq2nLUi8Czi1U5SyTtP4vwqvZbDFQJBP5TWv9WIVLkbI5TFciGqqcY1GWbuara5_j0yg,2021-08-02 08:43:58,BOTTOM,UTILITY,True,EUW1_5395916968,Xerath
SUY2c27GiYQq2nLUi8Czi1U5SyTtP4vwqvZbDFQJBP5TWv9WIVLkbI5TFciGqqcY1GWbuara5_j0yg,2021-08-02 08:09:45,BOTTOM,UTILITY,False,EUW1_5395915205,Thresh
SUY2c27GiYQq2nLUi8Czi1U5SyTtP4vwqvZbDFQJBP5TWv9WIVLkbI5TFciGqqcY1GWbuara5_j0yg,2021-08-01 18:33:41,BOTTOM,UTILITY,True,EUW1_5394944727,Thresh
SUY2c27GiYQq2nLUi8Czi1U5SyTtP4vwqvZbDFQJBP5TWv9WIVLkbI5TFciGqqcY1GWbuara5_j0yg,2021-08-01 17:58:24,BOTTOM,UTILITY,True,EUW1_5394859430,Thresh
SUY2c27GiYQq2nLUi8Czi1U5SyTtP4vwqvZbDFQJBP5TWv9WIVLkbI5TFciGqqcY1GWbuara5_j0yg,2021-07-31 19:59:46,BOTTOM,UTILITY,False,EUW1_5393741670,Xerath
SUY2c27GiYQq2nLUi8Czi1U5SyTtP4vwqvZbDFQJBP5TWv9WIVLkbI5TFciGqqcY1GWbuara5_j0yg,2021-07-30 20:34:54,BOTTOM,UTILITY,True,EUW1_5392097556,Xerath
SUY2c27GiYQq2nLUi8Czi1U5SyTtP4vwqvZbDFQJBP5TWv9WIVLkbI5TFciGqqcY1GWbuara5_j0yg,2021-07-30 16:56:44,BOTTOM,UTILITY,True,EUW1_5391759150,Xerath
SUY2c27GiYQq2nLUi8Czi1U5SyTtP4vwqvZbDFQJBP5TWv9WIVLkbI5TFciGqqcY1GWbuara5_j0yg,2021-07-30 16:18:54,BOTTOM,UTILITY,False,EUW1_5391783713,Xerath
SUY2c27GiYQq2nLUi8Czi1U5SyTtP4vwqvZbDFQJBP5TWv9WIVLkbI5TFciGqqcY1GWbuara5_j0yg,2021-06-27 11:23:53,BOTTOM,BOTTOM,True,EUW1_5341342861,Ezreal
iPqBQTgeRJctINZSh9zyomevFPovI4kLwbeuJS5PRwUntxn-gIHX-VlR7pWFxxvp4Fy5T6hEU4UUgA,2021-07-24 22:40:45,NONE,BOTTOM,True,EUW1_5383270053,Jhin
iPqBQTgeRJctINZSh9zyomevFPovI4kLwbeuJS5PRwUntxn-gIHX-VlR7pWFxxvp4Fy5T6hEU4UUgA,2021-07-23 22:34:30,MIDDLE,UTILITY,True,EUW1_5381546025,Nautilus
iPqBQTgeRJctINZSh9zyomevFPovI4kLwbeuJS5PRwUntxn-gIHX-VlR7pWFxxvp4Fy5T6hEU4UUgA,2021-07-23 21:48:07,BOTTOM,BOTTOM,True,EUW1_5381508742,Jhin
iPqBQTgeRJctINZSh9zyomevFPovI4kLwbeuJS5PRwUntxn-gIHX-VlR7pWFxxvp4Fy5T6hEU4UUgA,2021-07-12 22:25:40,JUNGLE,JUNGLE,False,EUW1_5364657867,Zac
iPqBQTgeRJctINZSh9zyomevFPovI4kLwbeuJS5PRwUntxn-gIHX-VlR7pWFxxvp4Fy5T6hEU4UUgA,2021-07-12 21:51:07,JUNGLE,JUNGLE,False,EUW1_5364653499,Diana
iPqBQTgeRJctINZSh9zyomevFPovI4kLwbeuJS5PRwUntxn-gIHX-VlR7pWFxxvp4Fy5T6hEU4UUgA,2021-07-12 13:01:57,BOTTOM,BOTTOM,False,EUW1_5363913213,Veigar
iPqBQTgeRJctINZSh9zyomevFPovI4kLwbeuJS5PRwUntxn-gIHX-VlR7pWFxxvp4Fy5T6hEU4UUgA,2021-07-12 12:33:52,MIDDLE,BOTTOM,False,EUW1_5363870841,Samira
iPqBQTgeRJctINZSh9zyomevFPovI4kLwbeuJS5PRwUntxn-gIHX-VlR7pWFxxvp4Fy5T6hEU4UUgA,2021-07-07 21:40:15,BOTTOM,BOTTOM,False,EUW1_5357029150,Samira
iPqBQTgeRJctINZSh9zyomevFPovI4kLwbeuJS5PRwUntxn-gIHX-VlR7pWFxxvp4Fy5T6hEU4UUgA,2021-07-07 20:39:16,BOTTOM,BOTTOM,True,EUW1_5357018801,MissFortune
iPqBQTgeRJctINZSh9zyomevFPovI4kLwbeuJS5PRwUntxn-gIHX-VlR7pWFxxvp4Fy5T6hEU4UUgA,2021-07-07 19:56:13,BOTTOM,BOTTOM,True,EUW1_5356973410,Veigar
iPqBQTgeRJctINZSh9zyomevFPovI4kLwbeuJS5PRwUntxn-gIHX-VlR7pWFxxvp4Fy5T6hEU4UUgA,2021-07-07 19:21:26,BOTTOM,BOTTOM,True,EUW1_5356908034,Veigar
iPqBQTgeRJctINZSh9zyomevFPovI4kLwbeuJS5PRwUntxn-gIHX-VlR7pWFxxvp4Fy5T6hEU4UUgA,2021-07-07 16:26:25,BOTTOM,BOTTOM,False,EUW1_5356636924,Ezreal
iPqBQTgeRJctINZSh9zyomevFPovI4kLwbeuJS5PRwUntxn-gIHX-VlR7pWFxxvp4Fy5T6hEU4UUgA,2021-07-06 22:13:32,BOTTOM,BOTTOM,True,EUW1_5355644229,Samira
iPqBQTgeRJctINZSh9zyomevFPovI4kLwbeuJS5PRwUntxn-gIHX-VlR7pWFxxvp4Fy5T6hEU4UUgA,2021-07-06 21:10:58,BOTTOM,BOTTOM,False,EUW1_5355469404,Ezreal
iPqBQTgeRJctINZSh9zyomevFPovI4kLwbeuJS5PRwUntxn-gIHX-VlR7pWFxxvp4Fy5T6hEU4UUgA,2021-07-05 14:16:14,BOTTOM,BOTTOM,True,EUW1_5353625961,Ezreal
iPqBQTgeRJctINZSh9zyomevFPovI4kLwbeuJS5PRwUntxn-gIHX-VlR7pWFxxvp4Fy5T6hEU4UUgA,2021-07-05 13:38:41,BOTTOM,BOTTOM,False,EUW1_5353572607,Vayne
iPqBQTgeRJctINZSh9zyomevFPovI4kLwbeuJS5PRwUntxn-gIHX-VlR7pWFxxvp4Fy5T6hEU4UUgA,2021-07-04 21:43:30,BOTTOM,BOTTOM,True,EUW1_5352734733,Ziggs
iPqBQTgeRJctINZSh9zyomevFPovI4kLwbeuJS5PRwUntxn-gIHX-VlR7pWFxxvp4Fy5T6hEU4UUgA,2021-07-02 11:34:15,BOTTOM,BOTTOM,True,EUW1_5349143569,Ezreal
iPqBQTgeRJctINZSh9zyomevFPovI4kLwbeuJS5PRwUntxn-gIHX-VlR7pWFxxvp4Fy5T6hEU4UUgA,2021-06-30 21:27:19,BOTTOM,BOTTOM,False,EUW1_5347159352,Ezreal
iPqBQTgeRJctINZSh9zyomevFPovI4kLwbeuJS5PRwUntxn-gIHX-VlR7pWFxxvp4Fy5T6hEU4UUgA,2021-06-30 20:42:49,JUNGLE,JUNGLE,False,EUW1_5347172087,Zac
iPqBQTgeRJctINZSh9zyomevFPovI4kLwbeuJS5PRwUntxn-gIHX-VlR7pWFxxvp4Fy5T6hEU4UUgA,2021-06-30 20:26:48,NONE,BOTTOM,True,EUW1_5347009793,Ezreal
iPqBQTgeRJctINZSh9zyomevFPovI4kLwbeuJS5PRwUntxn-gIHX-VlR7pWFxxvp4Fy5T6hEU4UUgA,2021-06-25 13:54:19,BOTTOM,BOTTOM,True,EUW1_5338379764,Senna
iPqBQTgeRJctINZSh9zyomevFPovI4kLwbeuJS5PRwUntxn-gIHX-VlR7pWFxxvp4Fy5T6hEU4UUgA,2021-06-24 13:05:33,MIDDLE,MIDDLE,True,EUW1_5336626579,Sylas
iPqBQTgeRJctINZSh9zyomevFPovI4kLwbeuJS5PRwUntxn-gIHX-VlR7pWFxxvp4Fy5T6hEU4UUgA,2021-06-24 12:04:28,BOTTOM,BOTTOM,True,EUW1_5336490426,Ezreal
iPqBQTgeRJctINZSh9zyomevFPovI4kLwbeuJS5PRwUntxn-gIHX-VlR7pWFxxvp4Fy5T6hEU4UUgA,2021-06-23 21:23:48,BOTTOM,BOTTOM,False,EUW1_5336047549,Ezreal
iPqBQTgeRJctINZSh9zyomevFPovI4kLwbeuJS5PRwUntxn-gIHX-VlR7pWFxxvp4Fy5T6hEU4UUgA,2022-02-01 10:24:38,MIDDLE,MIDDLE,True,EUW1_5705202607,Corki
iPqBQTgeRJctINZSh9zyomevFPovI4kLwbeuJS5PRwUntxn-gIHX-VlR7pWFxxvp4Fy5T6hEU4UUgA,2022-02-01 09:45:54,MIDDLE,MIDDLE,True,EUW1_5705117158,Viktor
iPqBQTgeRJctINZSh9zyomevFPovI4kLwbeuJS5PRwUntxn-gIHX-VlR7pWFxxvp4Fy5T6hEU4UUgA,2022-01-31 23:12:16,TOP,TOP,True,EUW1_5704804057,Kennen
iPqBQTgeRJctINZSh9zyomevFPovI4kLwbeuJS5PRwUntxn-gIHX-VlR7pWFxxvp4Fy5T6hEU4UUgA,2022-01-31 22:33:08,MIDDLE,MIDDLE,False,EUW1_5704740782,Viktor
iPqBQTgeRJctINZSh9zyomevFPovI4kLwbeuJS5PRwUntxn-gIHX-VlR7pWFxxvp4Fy5T6hEU4UUgA,2022-01-31 12:42:00,MIDDLE,MIDDLE,False,EUW1_5703235204,Viktor
iPqBQTgeRJctINZSh9zyomevFPovI4kLwbeuJS5PRwUntxn-gIHX-VlR7pWFxxvp4Fy5T6hEU4UUgA,2022-01-31 12:08:29,MIDDLE,MIDDLE,True,EUW1_5703159270,Corki
iPqBQTgeRJctINZSh9zyomevFPovI4kLwbeuJS5PRwUntxn-gIHX-VlR7pWFxxvp4Fy5T6hEU4UUgA,2022-01-31 10:58:11,JUNGLE,JUNGLE,True,EUW1_5703144357,Diana
iPqBQTgeRJctINZSh9zyomevFPovI4kLwbeuJS5PRwUntxn-gIHX-VlR7pWFxxvp4Fy5T6hEU4UUgA,2022-01-31 10:31:01,MIDDLE,MIDDLE,False,EUW1_5703060064,Corki
iPqBQTgeRJctINZSh9zyomevFPovI4kLwbeuJS5PRwUntxn-gIHX-VlR7pWFxxvp4Fy5T6hEU4UUgA,2022-01-30 23:00:01,JUNGLE,JUNGLE,True,EUW1_5702713392,Diana
iPqBQTgeRJctINZSh9zyomevFPovI4kLwbeuJS5PRwUntxn-gIHX-VlR7pWFxxvp4Fy5T6hEU4UUgA,2022-01-30 22:30:25,TOP,TOP,False,EUW1_5702608235,Renekton
iPqBQTgeRJctINZSh9zyomevFPovI4kLwbeuJS5PRwUntxn-gIHX-VlR7pWFxxvp4Fy5T6hEU4UUgA,2022-01-30 21:48:04,MIDDLE,MIDDLE,True,EUW1_5702509245,Viktor
iPqBQTgeRJctINZSh9zyomevFPovI4kLwbeuJS5PRwUntxn-gIHX-VlR7pWFxxvp4Fy5T6hEU4UUgA,2022-01-23 23:32:32,MIDDLE,MIDDLE,False,EUW1_5687831863,Viktor
iPqBQTgeRJctINZSh9zyomevFPovI4kLwbeuJS5PRwUntxn-gIHX-VlR7pWFxxvp4Fy5T6hEU4UUgA,2022-01-19 15:28:47,NONE,MIDDLE,False,EUW1_5677457772,Viktor
iPqBQTgeRJctINZSh9zyomevFPovI4kLwbeuJS5PRwUntxn-gIHX-VlR7pWFxxvp4Fy5T6hEU4UUgA,2022-01-19 14:46:56,MIDDLE,MIDDLE,False,EUW1_5677373657,Viktor
iPqBQTgeRJctINZSh9zyomevFPovI4kLwbeuJS5PRwUntxn-gIHX-VlR7pWFxxvp4Fy5T6hEU4UUgA,2022-01-18 17:47:47,TOP,MIDDLE,False,EUW1_5675705785,Viktor
iPqBQTgeRJctINZSh9zyomevFPovI4kLwbeuJS5PRwUntxn-gIHX-VlR7pWFxxvp4Fy5T6hEU4UUgA,2022-01-18 15:26:12,TOP,MIDDLE,True,EUW1_5675481660,Viktor
iPqBQTgeRJctINZSh9zyomevFPovI4kLwbeuJS5PRwUntxn-gIHX-VlR7pWFxxvp4Fy5T6hEU4UUgA,2022-01-18 14:45:58,MIDDLE,TOP,True,EUW1_5675327283,Garen
iPqBQTgeRJctINZSh9zyomevFPovI4kLwbeuJS5PRwUntxn-gIHX-VlR7pWFxxvp4Fy5T6hEU4UUgA,2022-01-18 14:17:50,NONE,MIDDLE,True,EUW1_5675332819,Sylas
iPqBQTgeRJctINZSh9zyomevFPovI4kLwbeuJS5PRwUntxn-gIHX-VlR7pWFxxvp4Fy5T6hEU4UUgA,2022-01-18 13:40:05,MIDDLE,MIDDLE,False,EUW1_5675247715,Viktor
iPqBQTgeRJctINZSh9zyomevFPovI4kLwbeuJS5PRwUntxn-gIHX-VlR7pWFxxvp4Fy5T6hEU4UUgA,2022-01-18 11:28:09,MIDDLE,MIDDLE,True,EUW1_5675201712,Syndra
iPqBQTgeRJctINZSh9zyomevFPovI4kLwbeuJS5PRwUntxn-gIHX-VlR7pWFxxvp4Fy5T6hEU4UUgA,2022-01-17 23:06:27,MIDDLE,MIDDLE,True,EUW1_5674721580,Viktor
iPqBQTgeRJctINZSh9zyomevFPovI4kLwbeuJS5PRwUntxn-gIHX-VlR7pWFxxvp4Fy5T6hEU4UUgA,2022-01-17 22:26:52,JUNGLE,JUNGLE,True,EUW1_5674644408,Diana
iPqBQTgeRJctINZSh9zyomevFPovI4kLwbeuJS5PRwUntxn-gIHX-VlR7pWFxxvp4Fy5T6hEU4UUgA,2022-01-17 17:53:53,JUNGLE,JUNGLE,True,EUW1_5674064469,Diana
iPqBQTgeRJctINZSh9zyomevFPovI4kLwbeuJS5PRwUntxn-gIHX-VlR7pWFxxvp4Fy5T6hEU4UUgA,2022-01-17 15:51:25,JUNGLE,JUNGLE,False,EUW1_5673592378,Ekko
iPqBQTgeRJctINZSh9zyomevFPovI4kLwbeuJS5PRwUntxn-gIHX-VlR7pWFxxvp4Fy5T6hEU4UUgA,2022-01-17 15:02:50,JUNGLE,JUNGLE,False,EUW1_5673405093,Diana
iPqBQTgeRJctINZSh9zyomevFPovI4kLwbeuJS5PRwUntxn-gIHX-VlR7pWFxxvp4Fy5T6hEU4UUgA,2022-01-17 14:16:42,MIDDLE,MIDDLE,False,EUW1_5673308638,Viktor
iPqBQTgeRJctINZSh9zyomevFPovI4kLwbeuJS5PRwUntxn-gIHX-VlR7pWFxxvp4Fy5T6hEU4UUgA,2022-01-17 13:27:08,JUNGLE,JUNGLE,True,EUW1_5673331612,Diana
iPqBQTgeRJctINZSh9zyomevFPovI4kLwbeuJS5PRwUntxn-gIHX-VlR7pWFxxvp4Fy5T6hEU4UUgA,2022-01-17 13:00:26,TOP,TOP,False,EUW1_5673260611,Garen
iPqBQTgeRJctINZSh9zyomevFPovI4kLwbeuJS5PRwUntxn-gIHX-VlR7pWFxxvp4Fy5T6hEU4UUgA,2022-01-16 12:33:12,TOP,TOP,False,EUW1_5671446100,DrMundo
iPqBQTgeRJctINZSh9zyomevFPovI4kLwbeuJS5PRwUntxn-gIHX-VlR7pWFxxvp4Fy5T6hEU4UUgA,2022-01-16 11:39:31,MIDDLE,MIDDLE,True,EUW1_5671219120,Viktor
iPqBQTgeRJctINZSh9zyomevFPovI4kLwbeuJS5PRwUntxn-gIHX-VlR7pWFxxvp4Fy5T6hEU4UUgA,2022-01-10 20:51:00,MIDDLE,MIDDLE,True,EUW1_5660354458,Viktor
iPqBQTgeRJctINZSh9zyomevFPovI4kLwbeuJS5PRwUntxn-gIHX-VlR7pWFxxvp4Fy5T6hEU4UUgA,2022-01-10 17:32:07,TOP,TOP,True,EUW1_5659529801,Jax
iPqBQTgeRJctINZSh9zyomevFPovI4kLwbeuJS5PRwUntxn-gIHX-VlR7pWFxxvp4Fy5T6hEU4UUgA,2022-01-10 16:53:29,MIDDLE,MIDDLE,False,EUW1_5659522187,Cassiopeia
iPqBQTgeRJctINZSh9zyomevFPovI4kLwbeuJS5PRwUntxn-gIHX-VlR7pWFxxvp4Fy5T6hEU4UUgA,2022-01-10 13:25:06,MIDDLE,MIDDLE,True,EUW1_5659131832,Viktor
iPqBQTgeRJctINZSh9zyomevFPovI4kLwbeuJS5PRwUntxn-gIHX-VlR7pWFxxvp4Fy5T6hEU4UUgA,2021-12-13 20:54:35,JUNGLE,TOP,True,EUW1_5607706841,Tryndamere
iPqBQTgeRJctINZSh9zyomevFPovI4kLwbeuJS5PRwUntxn-gIHX-VlR7pWFxxvp4Fy5T6hEU4UUgA,2021-11-24 14:22:35,BOTTOM,BOTTOM,False,EUW1_5572949779,Vayne
iPqBQTgeRJctINZSh9zyomevFPovI4kLwbeuJS5PRwUntxn-gIHX-VlR7pWFxxvp4Fy5T6hEU4UUgA,2021-11-24 13:45:50,BOTTOM,BOTTOM,True,EUW1_5572945326,Vayne
iPqBQTgeRJctINZSh9zyomevFPovI4kLwbeuJS5PRwUntxn-gIHX-VlR7pWFxxvp4Fy5T6hEU4UUgA,2021-11-15 13:38:29,BOTTOM,BOTTOM,True,EUW1_5556854793,MissFortune
iPqBQTgeRJctINZSh9zyomevFPovI4kLwbeuJS5PRwUntxn-gIHX-VlR7pWFxxvp4Fy5T6hEU4UUgA,2021-11-11 11:49:25,BOTTOM,BOTTOM,False,EUW1_5549621407,Vayne
iPqBQTgeRJctINZSh9zyomevFPovI4kLwbeuJS5PRwUntxn-gIHX-VlR7pWFxxvp4Fy5T6hEU4UUgA,2021-11-11 11:40:47,NONE,BOTTOM,False,EUW1_5549616191,Vayne
iPqBQTgeRJctINZSh9zyomevFPovI4kLwbeuJS5PRwUntxn-gIHX-VlR7pWFxxvp4Fy5T6hEU4UUgA,2021-11-10 17:21:33,BOTTOM,BOTTOM,True,EUW1_5548650841,Vayne
iPqBQTgeRJctINZSh9zyomevFPovI4kLwbeuJS5PRwUntxn-gIHX-VlR7pWFxxvp4Fy5T6hEU4UUgA,2021-11-10 13:52:55,BOTTOM,BOTTOM,False,EUW1_5548392410,Ezreal
iPqBQTgeRJctINZSh9zyomevFPovI4kLwbeuJS5PRwUntxn-gIHX-VlR7pWFxxvp4Fy5T6hEU4UUgA,2021-11-09 22:51:10,BOTTOM,BOTTOM,True,EUW1_5547491907,Ezreal
iPqBQTgeRJctINZSh9zyomevFPovI4kLwbeuJS5PRwUntxn-gIHX-VlR7pWFxxvp4Fy5T6hEU4UUgA,2021-11-09 21:23:48,BOTTOM,BOTTOM,False,EUW1_5547307128,MissFortune
iPqBQTgeRJctINZSh9zyomevFPovI4kLwbeuJS5PRwUntxn-gIHX-VlR7pWFxxvp4Fy5T6hEU4UUgA,2021-11-09 21:08:11,NONE,BOTTOM,True,EUW1_5547265849,MissFortune
iPqBQTgeRJctINZSh9zyomevFPovI4kLwbeuJS5PRwUntxn-gIHX-VlR7pWFxxvp4Fy5T6hEU4UUgA,2021-11-09 18:46:05,BOTTOM,BOTTOM,False,EUW1_5546996841,Ezreal
iPqBQTgeRJctINZSh9zyomevFPovI4kLwbeuJS5PRwUntxn-gIHX-VlR7pWFxxvp4Fy5T6hEU4UUgA,2021-11-09 17:06:12,BOTTOM,BOTTOM,False,EUW1_5546839822,Tristana
iPqBQTgeRJctINZSh9zyomevFPovI4kLwbeuJS5PRwUntxn-gIHX-VlR7pWFxxvp4Fy5T6hEU4UUgA,2021-11-09 16:00:30,BOTTOM,BOTTOM,True,EUW1_5546820528,Ezreal
iPqBQTgeRJctINZSh9zyomevFPovI4kLwbeuJS5PRwUntxn-gIHX-VlR7pWFxxvp4Fy5T6hEU4UUgA,2021-11-05 13:32:25,BOTTOM,BOTTOM,False,EUW1_5539803741,MissFortune
iPqBQTgeRJctINZSh9zyomevFPovI4kLwbeuJS5PRwUntxn-gIHX-VlR7pWFxxvp4Fy5T6hEU4UUgA,2021-11-05 13:02:12,BOTTOM,BOTTOM,True,EUW1_5539760679,MissFortune
iPqBQTgeRJctINZSh9zyomevFPovI4kLwbeuJS5PRwUntxn-gIHX-VlR7pWFxxvp4Fy5T6hEU4UUgA,2021-11-05 12:37:40,NONE,BOTTOM,False,EUW1_5539677903,Kaisa
iPqBQTgeRJctINZSh9zyomevFPovI4kLwbeuJS5PRwUntxn-gIHX-VlR7pWFxxvp4Fy5T6hEU4UUgA,2021-11-04 16:27:46,BOTTOM,BOTTOM,False,EUW1_5538263996,Ziggs
iPqBQTgeRJctINZSh9zyomevFPovI4kLwbeuJS5PRwUntxn-gIHX-VlR7pWFxxvp4Fy5T6hEU4UUgA,2021-11-04 14:49:21,BOTTOM,BOTTOM,False,EUW1_5538081109,MissFortune
iPqBQTgeRJctINZSh9zyomevFPovI4kLwbeuJS5PRwUntxn-gIHX-VlR7pWFxxvp4Fy5T6hEU4UUgA,2021-11-03 14:33:17,BOTTOM,BOTTOM,True,EUW1_5536635733,MissFortune
iPqBQTgeRJctINZSh9zyomevFPovI4kLwbeuJS5PRwUntxn-gIHX-VlR7pWFxxvp4Fy5T6hEU4UUgA,2021-11-03 13:53:26,BOTTOM,BOTTOM,False,EUW1_5536601090,Ezreal
iPqBQTgeRJctINZSh9zyomevFPovI4kLwbeuJS5PRwUntxn-gIHX-VlR7pWFxxvp4Fy5T6hEU4UUgA,2021-10-29 09:53:05,BOTTOM,BOTTOM,False,EUW1_5528057941,Ezreal
iPqBQTgeRJctINZSh9zyomevFPovI4kLwbeuJS5PRwUntxn-gIHX-VlR7pWFxxvp4Fy5T6hEU4UUgA,2021-10-28 12:01:01,BOTTOM,BOTTOM,True,EUW1_5526889194,Lucian
iPqBQTgeRJctINZSh9zyomevFPovI4kLwbeuJS5PRwUntxn-gIHX-VlR7pWFxxvp4Fy5T6hEU4UUgA,2021-10-28 11:29:06,BOTTOM,BOTTOM,False,EUW1_5526925480,MissFortune
iPqBQTgeRJctINZSh9zyomevFPovI4kLwbeuJS5PRwUntxn-gIHX-VlR7pWFxxvp4Fy5T6hEU4UUgA,2021-10-28 09:40:33,BOTTOM,BOTTOM,True,EUW1_5526827358,Ezreal
iPqBQTgeRJctINZSh9zyomevFPovI4kLwbeuJS5PRwUntxn-gIHX-VlR7pWFxxvp4Fy5T6hEU4UUgA,2021-10-28 07:33:41,BOTTOM,BOTTOM,False,EUW1_5526820708,Lucian
iPqBQTgeRJctINZSh9zyomevFPovI4kLwbeuJS5PRwUntxn-gIHX-VlR7pWFxxvp4Fy5T6hEU4UUgA,2021-10-27 13:30:08,BOTTOM,BOTTOM,False,EUW1_5525451707,Lucian
iPqBQTgeRJctINZSh9zyomevFPovI4kLwbeuJS5PRwUntxn-gIHX-VlR7pWFxxvp4Fy5T6hEU4UUgA,2021-10-27 13:03:00,BOTTOM,BOTTOM,True,EUW1_5525368395,Lucian
iPqBQTgeRJctINZSh9zyomevFPovI4kLwbeuJS5PRwUntxn-gIHX-VlR7pWFxxvp4Fy5T6hEU4UUgA,2021-10-27 12:23:31,BOTTOM,BOTTOM,False,EUW1_5525316207,MissFortune
iPqBQTgeRJctINZSh9zyomevFPovI4kLwbeuJS5PRwUntxn-gIHX-VlR7pWFxxvp4Fy5T6hEU4UUgA,2021-09-20 15:22:37,BOTTOM,BOTTOM,True,EUW1_5469434112,Jhin
iPqBQTgeRJctINZSh9zyomevFPovI4kLwbeuJS5PRwUntxn-gIHX-VlR7pWFxxvp4Fy5T6hEU4UUgA,2021-09-20 14:51:25,BOTTOM,BOTTOM,False,EUW1_5469371999,Varus
iPqBQTgeRJctINZSh9zyomevFPovI4kLwbeuJS5PRwUntxn-gIHX-VlR7pWFxxvp4Fy5T6hEU4UUgA,2021-09-16 21:29:41,JUNGLE,JUNGLE,False,EUW1_5464204199,Zac
iPqBQTgeRJctINZSh9zyomevFPovI4kLwbeuJS5PRwUntxn-gIHX-VlR7pWFxxvp4Fy5T6hEU4UUgA,2021-09-16 20:33:38,BOTTOM,BOTTOM,False,EUW1_5464038247,Varus
iPqBQTgeRJctINZSh9zyomevFPovI4kLwbeuJS5PRwUntxn-gIHX-VlR7pWFxxvp4Fy5T6hEU4UUgA,2021-09-16 17:32:32,BOTTOM,BOTTOM,True,EUW1_5463828416,Varus
iPqBQTgeRJctINZSh9zyomevFPovI4kLwbeuJS5PRwUntxn-gIHX-VlR7pWFxxvp4Fy5T6hEU4UUgA,2021-09-16 12:08:23,BOTTOM,BOTTOM,False,EUW1_5463441656,Kaisa
iPqBQTgeRJctINZSh9zyomevFPovI4kLwbeuJS5PRwUntxn-gIHX-VlR7pWFxxvp4Fy5T6hEU4UUgA,2021-09-15 20:58:45,BOTTOM,BOTTOM,True,EUW1_5462643294,Ashe
iPqBQTgeRJctINZSh9zyomevFPovI4kLwbeuJS5PRwUntxn-gIHX-VlR7pWFxxvp4Fy5T6hEU4UUgA,2021-09-07 23:31:10,BOTTOM,BOTTOM,False,EUW1_5451234929,Ashe
iPqBQTgeRJctINZSh9zyomevFPovI4kLwbeuJS5PRwUntxn-gIHX-VlR7pWFxxvp4Fy5T6hEU4UUgA,2021-09-06 16:03:51,BOTTOM,BOTTOM,True,EUW1_5449022221,Ashe
iPqBQTgeRJctINZSh9zyomevFPovI4kLwbeuJS5PRwUntxn-gIHX-VlR7pWFxxvp4Fy5T6hEU4UUgA,2021-09-06 15:30:22,BOTTOM,BOTTOM,False,EUW1_5448927912,Xayah
iPqBQTgeRJctINZSh9zyomevFPovI4kLwbeuJS5PRwUntxn-gIHX-VlR7pWFxxvp4Fy5T6hEU4UUgA,2021-09-06 13:04:51,BOTTOM,BOTTOM,False,EUW1_5448779347,Ashe
iPqBQTgeRJctINZSh9zyomevFPovI4kLwbeuJS5PRwUntxn-gIHX-VlR7pWFxxvp4Fy5T6hEU4UUgA,2021-09-05 20:23:12,MIDDLE,BOTTOM,True,EUW1_5448187527,Ashe
iPqBQTgeRJctINZSh9zyomevFPovI4kLwbeuJS5PRwUntxn-gIHX-VlR7pWFxxvp4Fy5T6hEU4UUgA,2021-08-18 21:15:31,BOTTOM,BOTTOM,True,EUW1_5420632322,Tristana
iPqBQTgeRJctINZSh9zyomevFPovI4kLwbeuJS5PRwUntxn-gIHX-VlR7pWFxxvp4Fy5T6hEU4UUgA,2021-08-04 21:35:46,BOTTOM,BOTTOM,False,EUW1_5399813960,Varus
iPqBQTgeRJctINZSh9zyomevFPovI4kLwbeuJS5PRwUntxn-gIHX-VlR7pWFxxvp4Fy5T6hEU4UUgA,2021-08-04 20:21:05,BOTTOM,BOTTOM,False,EUW1_5399712442,Syndra
iPqBQTgeRJctINZSh9zyomevFPovI4kLwbeuJS5PRwUntxn-gIHX-VlR7pWFxxvp4Fy5T6hEU4UUgA,2021-08-02 11:50:30,BOTTOM,BOTTOM,False,EUW1_5396132003,Ezreal
iPqBQTgeRJctINZSh9zyomevFPovI4kLwbeuJS5PRwUntxn-gIHX-VlR7pWFxxvp4Fy5T6hEU4UUgA,2021-07-31 12:07:34,BOTTOM,BOTTOM,False,EUW1_5393091801,Jinx
iPqBQTgeRJctINZSh9zyomevFPovI4kLwbeuJS5PRwUntxn-gIHX-VlR7pWFxxvp4Fy5T6hEU4UUgA,2021-07-31 11:35:26,BOTTOM,BOTTOM,False,EUW1_5392878608,Varus
iPqBQTgeRJctINZSh9zyomevFPovI4kLwbeuJS5PRwUntxn-gIHX-VlR7pWFxxvp4Fy5T6hEU4UUgA,2021-07-30 11:39:11,BOTTOM,BOTTOM,True,EUW1_5391448845,Varus
iPqBQTgeRJctINZSh9zyomevFPovI4kLwbeuJS5PRwUntxn-gIHX-VlR7pWFxxvp4Fy5T6hEU4UUgA,2021-07-29 21:01:51,BOTTOM,BOTTOM,True,EUW1_5390943598,Varus
iPqBQTgeRJctINZSh9zyomevFPovI4kLwbeuJS5PRwUntxn-gIHX-VlR7pWFxxvp4Fy5T6hEU4UUgA,2021-07-29 16:13:38,BOTTOM,BOTTOM,True,EUW1_5390472689,Varus
iPqBQTgeRJctINZSh9zyomevFPovI4kLwbeuJS5PRwUntxn-gIHX-VlR7pWFxxvp4Fy5T6hEU4UUgA,2021-07-29 12:40:19,BOTTOM,BOTTOM,False,EUW1_5389915940,Varus
iPqBQTgeRJctINZSh9zyomevFPovI4kLwbeuJS5PRwUntxn-gIHX-VlR7pWFxxvp4Fy5T6hEU4UUgA,2021-07-28 08:09:26,BOTTOM,BOTTOM,True,EUW1_5388383966,Varus
iPqBQTgeRJctINZSh9zyomevFPovI4kLwbeuJS5PRwUntxn-gIHX-VlR7pWFxxvp4Fy5T6hEU4UUgA,2021-07-27 21:56:59,BOTTOM,BOTTOM,True,EUW1_5388075205,Varus
iPqBQTgeRJctINZSh9zyomevFPovI4kLwbeuJS5PRwUntxn-gIHX-VlR7pWFxxvp4Fy5T6hEU4UUgA,2021-07-27 20:19:57,BOTTOM,BOTTOM,True,EUW1_5387879943,Varus
iPqBQTgeRJctINZSh9zyomevFPovI4kLwbeuJS5PRwUntxn-gIHX-VlR7pWFxxvp4Fy5T6hEU4UUgA,2021-07-27 19:11:36,BOTTOM,BOTTOM,True,EUW1_5387718740,Varus
iPqBQTgeRJctINZSh9zyomevFPovI4kLwbeuJS5PRwUntxn-gIHX-VlR7pWFxxvp4Fy5T6hEU4UUgA,2021-07-27 15:29:30,NONE,BOTTOM,False,EUW1_5387125824,Jhin
iPqBQTgeRJctINZSh9zyomevFPovI4kLwbeuJS5PRwUntxn-gIHX-VlR7pWFxxvp4Fy5T6hEU4UUgA,2021-07-27 15:02:57,NONE,BOTTOM,True,EUW1_5387083705,Ezreal
iPqBQTgeRJctINZSh9zyomevFPovI4kLwbeuJS5PRwUntxn-gIHX-VlR7pWFxxvp4Fy5T6hEU4UUgA,2021-07-27 13:10:47,BOTTOM,BOTTOM,True,EUW1_5386919371,Varus
iPqBQTgeRJctINZSh9zyomevFPovI4kLwbeuJS5PRwUntxn-gIHX-VlR7pWFxxvp4Fy5T6hEU4UUgA,2021-07-27 12:38:02,BOTTOM,BOTTOM,False,EUW1_5386875922,Jhin
iPqBQTgeRJctINZSh9zyomevFPovI4kLwbeuJS5PRwUntxn-gIHX-VlR7pWFxxvp4Fy5T6hEU4UUgA,2021-07-27 11:27:29,NONE,BOTTOM,True,EUW1_5386788648,Ziggs
iPqBQTgeRJctINZSh9zyomevFPovI4kLwbeuJS5PRwUntxn-gIHX-VlR7pWFxxvp4Fy5T6hEU4UUgA,2021-07-27 08:50:19,BOTTOM,BOTTOM,True,EUW1_5386725168,Ziggs
iPqBQTgeRJctINZSh9zyomevFPovI4kLwbeuJS5PRwUntxn-gIHX-VlR7pWFxxvp4Fy5T6hEU4UUgA,2021-07-25 21:44:09,BOTTOM,BOTTOM,True,EUW1_5384936627,Ziggs
iPqBQTgeRJctINZSh9zyomevFPovI4kLwbeuJS5PRwUntxn-gIHX-VlR7pWFxxvp4Fy5T6hEU4UUgA,2021-07-25 14:31:41,MIDDLE,MIDDLE,False,EUW1_5383937960,Sylas
iPqBQTgeRJctINZSh9zyomevFPovI4kLwbeuJS5PRwUntxn-gIHX-VlR7pWFxxvp4Fy5T6hEU4UUgA,2021-07-25 13:48:21,BOTTOM,BOTTOM,False,EUW1_5383951433,Vayne
iPqBQTgeRJctINZSh9zyomevFPovI4kLwbeuJS5PRwUntxn-gIHX-VlR7pWFxxvp4Fy5T6hEU4UUgA,2021-07-24 22:49:14,BOTTOM,BOTTOM,False,EUW1_5383301622,Jhin
B4uWhxL2j8VzSseKX6OyEjNEZIKAAXqhdulOB6lz1kBD7BQBs6zwlWfTZS1O0vxfaEWxgSIuDgw25w,2021-07-19 13:49:12,TOP,TOP,False,EUW1_5374540273,Cassiopeia
B4uWhxL2j8VzSseKX6OyEjNEZIKAAXqhdulOB6lz1kBD7BQBs6zwlWfTZS1O0vxfaEWxgSIuDgw25w,2021-07-19 13:04:43,TOP,TOP,True,EUW1_5374515935,Cassiopeia
B4uWhxL2j8VzSseKX6OyEjNEZIKAAXqhdulOB6lz1kBD7BQBs6zwlWfTZS1O0vxfaEWxgSIuDgw25w,2021-07-19 12:28:34,TOP,TOP,True,EUW1_5374531245,Cassiopeia
B4uWhxL2j8VzSseKX6OyEjNEZIKAAXqhdulOB6lz1kBD7BQBs6zwlWfTZS1O0vxfaEWxgSIuDgw25w,2021-07-18 22:12:37,TOP,TOP,True,EUW1_5373974099,Cassiopeia
B4uWhxL2j8VzSseKX6OyEjNEZIKAAXqhdulOB6lz1kBD7BQBs6zwlWfTZS1O0vxfaEWxgSIuDgw25w,2021-07-18 21:37:56,TOP,TOP,True,EUW1_5373938347,Cassiopeia
B4uWhxL2j8VzSseKX6OyEjNEZIKAAXqhdulOB6lz1kBD7BQBs6zwlWfTZS1O0vxfaEWxgSIuDgw25w,2021-07-18 13:31:06,TOP,TOP,True,EUW1_5373177481,Cassiopeia
B4uWhxL2j8VzSseKX6OyEjNEZIKAAXqhdulOB6lz1kBD7BQBs6zwlWfTZS1O0vxfaEWxgSIuDgw25w,2021-07-18 12:55:17,TOP,TOP,True,EUW1_5373241200,Cassiopeia
B4uWhxL2j8VzSseKX6OyEjNEZIKAAXqhdulOB6lz1kBD7BQBs6zwlWfTZS1O0vxfaEWxgSIuDgw25w,2021-07-16 15:51:53,TOP,TOP,True,EUW1_5370503054,Cassiopeia
B4uWhxL2j8VzSseKX6OyEjNEZIKAAXqhdulOB6lz1kBD7BQBs6zwlWfTZS1O0vxfaEWxgSIuDgw25w,2021-07-16 15:22:05,NONE,JUNGLE,False,EUW1_5370340047,Zac
B4uWhxL2j8VzSseKX6OyEjNEZIKAAXqhdulOB6lz1kBD7BQBs6zwlWfTZS1O0vxfaEWxgSIuDgw25w,2021-07-16 14:36:30,JUNGLE,JUNGLE,True,EUW1_5370373568,Nocturne
B4uWhxL2j8VzSseKX6OyEjNEZIKAAXqhdulOB6lz1kBD7BQBs6zwlWfTZS1O0vxfaEWxgSIuDgw25w,2021-07-15 14:32:01,JUNGLE,JUNGLE,True,EUW1_5368752756,Olaf
B4uWhxL2j8VzSseKX6OyEjNEZIKAAXqhdulOB6lz1kBD7BQBs6zwlWfTZS1O0vxfaEWxgSIuDgw25w,2021-07-14 19:49:36,BOTTOM,BOTTOM,True,EUW1_5367917090,Ziggs
B4uWhxL2j8VzSseKX6OyEjNEZIKAAXqhdulOB6lz1kBD7BQBs6zwlWfTZS1O0vxfaEWxgSIuDgw25w,2021-07-13 12:14:55,MIDDLE,MIDDLE,True,EUW1_5365194545,Cassiopeia
B4uWhxL2j8VzSseKX6OyEjNEZIKAAXqhdulOB6lz1kBD7BQBs6zwlWfTZS1O0vxfaEWxgSIuDgw25w,2021-07-13 08:55:46,JUNGLE,MIDDLE,True,EUW1_5364957933,Cassiopeia
B4uWhxL2j8VzSseKX6OyEjNEZIKAAXqhdulOB6lz1kBD7BQBs6zwlWfTZS1O0vxfaEWxgSIuDgw25w,2021-07-12 14:50:44,MIDDLE,MIDDLE,False,EUW1_5363967331,Ziggs
B4uWhxL2j8VzSseKX6OyEjNEZIKAAXqhdulOB6lz1kBD7BQBs6zwlWfTZS1O0vxfaEWxgSIuDgw25w,2021-07-05 14:36:47,JUNGLE,JUNGLE,False,EUW1_5353658275,Zac
B4uWhxL2j8VzSseKX6OyEjNEZIKAAXqhdulOB6lz1kBD7BQBs6zwlWfTZS1O0vxfaEWxgSIuDgw25w,2021-07-05 14:02:00,JUNGLE,JUNGLE,False,EUW1_5353614488,Zac
B4uWhxL2j8VzSseKX6OyEjNEZIKAAXqhdulOB6lz1kBD7BQBs6zwlWfTZS1O0vxfaEWxgSIuDgw25w,2021-07-05 13:26:42,JUNGLE,JUNGLE,True,EUW1_5353561344,Zac
B4uWhxL2j8VzSseKX6OyEjNEZIKAAXqhdulOB6lz1kBD7BQBs6zwlWfTZS1O0vxfaEWxgSIuDgw25w,2021-07-05 12:42:22,JUNGLE,JUNGLE,True,EUW1_5353335417,Zac
B4uWhxL2j8VzSseKX6OyEjNEZIKAAXqhdulOB6lz1kBD7BQBs6zwlWfTZS1O0vxfaEWxgSIuDgw25w,2021-07-04 16:19:16,JUNGLE,JUNGLE,True,EUW1_5352255129,Zac
B4uWhxL2j8VzSseKX6OyEjNEZIKAAXqhdulOB6lz1kBD7BQBs6zwlWfTZS1O0vxfaEWxgSIuDgw25w,2021-06-28 10:04:12,NONE,MIDDLE,False,EUW1_5343026076,Cassiopeia
B4uWhxL2j8VzSseKX6OyEjNEZIKAAXqhdulOB6lz1kBD7BQBs6zwlWfTZS1O0vxfaEWxgSIuDgw25w,2021-06-28 09:40:15,NONE,MIDDLE,False,EUW1_5343034107,Orianna
B4uWhxL2j8VzSseKX6OyEjNEZIKAAXqhdulOB6lz1kBD7BQBs6zwlWfTZS1O0vxfaEWxgSIuDgw25w,2021-06-27 14:15:28,MIDDLE,MIDDLE,True,EUW1_5341585754,Cassiopeia
B4uWhxL2j8VzSseKX6OyEjNEZIKAAXqhdulOB6lz1kBD7BQBs6zwlWfTZS1O0vxfaEWxgSIuDgw25w,2021-06-26 22:12:33,TOP,TOP,True,EUW1_5340854750,Olaf
B4uWhxL2j8VzSseKX6OyEjNEZIKAAXqhdulOB6lz1kBD7BQBs6zwlWfTZS1O0vxfaEWxgSIuDgw25w,2021-06-26 15:17:09,JUNGLE,TOP,False,EUW1_5340248515,Shen
B4uWhxL2j8VzSseKX6OyEjNEZIKAAXqhdulOB6lz1kBD7BQBs6zwlWfTZS1O0vxfaEWxgSIuDgw25w,2021-06-26 14:41:54,MIDDLE,MIDDLE,False,EUW1_5340233858,Cassiopeia
B4uWhxL2j8VzSseKX6OyEjNEZIKAAXqhdulOB6lz1kBD7BQBs6zwlWfTZS1O0vxfaEWxgSIuDgw25w,2022-01-30 23:00:18,NONE,JUNGLE,False,EUW1_5702742548,Olaf
B4uWhxL2j8VzSseKX6OyEjNEZIKAAXqhdulOB6lz1kBD7BQBs6zwlWfTZS1O0vxfaEWxgSIuDgw25w,2022-01-30 22:28:32,JUNGLE,JUNGLE,True,EUW1_5702627456,Olaf
B4uWhxL2j8VzSseKX6OyEjNEZIKAAXqhdulOB6lz1kBD7BQBs6zwlWfTZS1O0vxfaEWxgSIuDgw25w,2022-01-30 21:55:06,JUNGLE,JUNGLE,True,EUW1_5702561726,Olaf
B4uWhxL2j8VzSseKX6OyEjNEZIKAAXqhdulOB6lz1kBD7BQBs6zwlWfTZS1O0vxfaEWxgSIuDgw25w,2022-01-30 18:00:15,BOTTOM,BOTTOM,False,EUW1_5702003507,Jinx
B4uWhxL2j8VzSseKX6OyEjNEZIKAAXqhdulOB6lz1kBD7BQBs6zwlWfTZS1O0vxfaEWxgSIuDgw25w,2022-01-30 11:34:16,BOTTOM,BOTTOM,False,EUW1_5700913737,Jinx
B4uWhxL2j8VzSseKX6OyEjNEZIKAAXqhdulOB6lz1kBD7BQBs6zwlWfTZS1O0vxfaEWxgSIuDgw25w,2022-01-29 22:35:49,BOTTOM,BOTTOM,True,EUW1_5700176865,Jinx
B4uWhxL2j8VzSseKX6OyEjNEZIKAAXqhdulOB6lz1kBD7BQBs6zwlWfTZS1O0vxfaEWxgSIuDgw25w,2022-01-28 23:17:52,BOTTOM,BOTTOM,True,EUW1_5697964359,Jinx
B4uWhxL2j8VzSseKX6OyEjNEZIKAAXqhdulOB6lz1kBD7BQBs6zwlWfTZS1O0vxfaEWxgSIuDgw25w,2022-01-28 22:47:46,BOTTOM,BOTTOM,True,EUW1_5697827279,Jinx
B4uWhxL2j8VzSseKX6OyEjNEZIKAAXqhdulOB6lz1kBD7BQBs6zwlWfTZS1O0vxfaEWxgSIuDgw25w,2022-01-28 18:04:04,NONE,BOTTOM,False,EUW1_5697180830,Jinx
B4uWhxL2j8VzSseKX6OyEjNEZIKAAXqhdulOB6lz1kBD7BQBs6zwlWfTZS1O0vxfaEWxgSIuDgw25w,2022-01-28 17:33:49,BOTTOM,BOTTOM,True,EUW1_5697123695,Jinx
B4uWhxL2j8VzSseKX6OyEjNEZIKAAXqhdulOB6lz1kBD7BQBs6zwlWfTZS1O0vxfaEWxgSIuDgw25w,2022-01-26 22:21:06,JUNGLE,JUNGLE,False,EUW1_5693500442,Olaf
B4uWhxL2j8VzSseKX6OyEjNEZIKAAXqhdulOB6lz1kBD7BQBs6zwlWfTZS1O0vxfaEWxgSIuDgw25w,2022-01-20 18:03:14,TOP,TOP,True,EUW1_5679752231,Cassiopeia
B4uWhxL2j8VzSseKX6OyEjNEZIKAAXqhdulOB6lz1kBD7BQBs6zwlWfTZS1O0vxfaEWxgSIuDgw25w,2022-01-20 17:28:01,BOTTOM,BOTTOM,False,EUW1_5679695341,Jinx
B4uWhxL2j8VzSseKX6OyEjNEZIKAAXqhdulOB6lz1kBD7BQBs6zwlWfTZS1O0vxfaEWxgSIuDgw25w,2022-01-20 16:54:26,BOTTOM,BOTTOM,True,EUW1_5679609193,Jinx
B4uWhxL2j8VzSseKX6OyEjNEZIKAAXqhdulOB6lz1kBD7BQBs6zwlWfTZS1O0vxfaEWxgSIuDgw25w,2022-01-20 08:46:21,BOTTOM,BOTTOM,False,EUW1_5678702712,Jinx
B4uWhxL2j8VzSseKX6OyEjNEZIKAAXqhdulOB6lz1kBD7BQBs6zwlWfTZS1O0vxfaEWxgSIuDgw25w,2022-01-20 08:11:25,JUNGLE,JUNGLE,False,EUW1_5678751323,Kindred
B4uWhxL2j8VzSseKX6OyEjNEZIKAAXqhdulOB6lz1kBD7BQBs6zwlWfTZS1O0vxfaEWxgSIuDgw25w,2022-01-19 18:43:28,BOTTOM,BOTTOM,True,EUW1_5677824524,Jinx
B4uWhxL2j8VzSseKX6OyEjNEZIKAAXqhdulOB6lz1kBD7BQBs6zwlWfTZS1O0vxfaEWxgSIuDgw25w,2022-01-19 18:09:13,BOTTOM,BOTTOM,True,EUW1_5677707978,Jinx
B4uWhxL2j8VzSseKX6OyEjNEZIKAAXqhdulOB6lz1kBD7BQBs6zwlWfTZS1O0vxfaEWxgSIuDgw25w,2022-01-19 17:08:36,JUNGLE,BOTTOM,True,EUW1_5677664750,Jinx
B4uWhxL2j8VzSseKX6OyEjNEZIKAAXqhdulOB6lz1kBD7BQBs6zwlWfTZS1O0vxfaEWxgSIuDgw25w,2022-01-19 15:06:19,BOTTOM,BOTTOM,True,EUW1_5677376466,Jinx
B4uWhxL2j8VzSseKX6OyEjNEZIKAAXqhdulOB6lz1kBD7BQBs6zwlWfTZS1O0vxfaEWxgSIuDgw25w,2022-01-19 14:22:48,JUNGLE,JUNGLE,False,EUW1_5677337555,Olaf
B4uWhxL2j8VzSseKX6OyEjNEZIKAAXqhdulOB6lz1kBD7BQBs6zwlWfTZS1O0vxfaEWxgSIuDgw25w,2022-01-19 13:35:13,JUNGLE,JUNGLE,False,EUW1_5677331006,Olaf
B4uWhxL2j8VzSseKX6OyEjNEZIKAAXqhdulOB6lz1kBD7BQBs6zwlWfTZS1O0vxfaEWxgSIuDgw25w,2022-01-16 12:36:02,TOP,TOP,False,EUW1_5671348467,Shen
B4uWhxL2j8VzSseKX6OyEjNEZIKAAXqhdulOB6lz1kBD7BQBs6zwlWfTZS1O0vxfaEWxgSIuDgw25w,2022-01-16 12:02:17,BOTTOM,BOTTOM,True,EUW1_5671431455,Jinx
B4uWhxL2j8VzSseKX6OyEjNEZIKAAXqhdulOB6lz1kBD7BQBs6zwlWfTZS1O0vxfaEWxgSIuDgw25w,2022-01-14 21:02:11,BOTTOM,BOTTOM,False,EUW1_5667846062,MissFortune
B4uWhxL2j8VzSseKX6OyEjNEZIKAAXqhdulOB6lz1kBD7BQBs6zwlWfTZS1O0vxfaEWxgSIuDgw25w,2022-01-14 17:28:54,MIDDLE,TOP,False,EUW1_5667473216,Olaf
B4uWhxL2j8VzSseKX6OyEjNEZIKAAXqhdulOB6lz1kBD7BQBs6zwlWfTZS1O0vxfaEWxgSIuDgw25w,2022-01-14 16:50:45,TOP,TOP,False,EUW1_5667415695,Olaf
B4uWhxL2j8VzSseKX6OyEjNEZIKAAXqhdulOB6lz1kBD7BQBs6zwlWfTZS1O0vxfaEWxgSIuDgw25w,2022-01-12 14:39:27,TOP,TOP,False,EUW1_5663400106,Olaf
B4uWhxL2j8VzSseKX6OyEjNEZIKAAXqhdulOB6lz1kBD7BQBs6zwlWfTZS1O0vxfaEWxgSIuDgw25w,2022-01-10 23:20:53,BOTTOM,TOP,True,EUW1_5660606139,Olaf
B4uWhxL2j8VzSseKX6OyEjNEZIKAAXqhdulOB6lz1kBD7BQBs6zwlWfTZS1O0vxfaEWxgSIuDgw25w,2022-01-10 17:32:05,TOP,TOP,True,EUW1_5659479892,Olaf
B4uWhxL2j8VzSseKX6OyEjNEZIKAAXqhdulOB6lz1kBD7BQBs6zwlWfTZS1O0vxfaEWxgSIuDgw25w,2022-01-10 16:44:42,TOP,TOP,True,EUW1_5659490860,Olaf
B4uWhxL2j8VzSseKX6OyEjNEZIKAAXqhdulOB6lz1kBD7BQBs6zwlWfTZS1O0vxfaEWxgSIuDgw25w,2022-01-10 16:06:18,TOP,TOP,False,EUW1_5659394033,TahmKench
B4uWhxL2j8VzSseKX6OyEjNEZIKAAXqhdulOB6lz1kBD7BQBs6zwlWfTZS1O0vxfaEWxgSIuDgw25w,2022-01-09 16:11:49,TOP,TOP,False,EUW1_5657589291,TahmKench
B4uWhxL2j8VzSseKX6OyEjNEZIKAAXqhdulOB6lz1kBD7BQBs6zwlWfTZS1O0vxfaEWxgSIuDgw25w,2022-01-09 15:44:29,BOTTOM,TOP,True,EUW1_5657592735,TahmKench
B4uWhxL2j8VzSseKX6OyEjNEZIKAAXqhdulOB6lz1kBD7BQBs6zwlWfTZS1O0vxfaEWxgSIuDgw25w,2022-01-09 13:39:21,MIDDLE,TOP,True,EUW1_5657285902,TahmKench
B4uWhxL2j8VzSseKX6OyEjNEZIKAAXqhdulOB6lz1kBD7BQBs6zwlWfTZS1O0vxfaEWxgSIuDgw25w,2022-01-09 12:54:20,MIDDLE,MIDDLE,True,EUW1_5657207341,TahmKench
B4uWhxL2j8VzSseKX6OyEjNEZIKAAXqhdulOB6lz1kBD7BQBs6zwlWfTZS1O0vxfaEWxgSIuDgw25w,2022-01-08 23:24:21,JUNGLE,TOP,True,EUW1_5656118505,Olaf
B4uWhxL2j8VzSseKX6OyEjNEZIKAAXqhdulOB6lz1kBD7BQBs6zwlWfTZS1O0vxfaEWxgSIuDgw25w,2022-01-08 17:13:13,TOP,TOP,False,EUW1_5655327761,Cassiopeia
B4uWhxL2j8VzSseKX6OyEjNEZIKAAXqhdulOB6lz1kBD7BQBs6zwlWfTZS1O0vxfaEWxgSIuDgw25w,2022-01-08 16:40:58,TOP,TOP,False,EUW1_5655350911,TahmKench
B4uWhxL2j8VzSseKX6OyEjNEZIKAAXqhdulOB6lz1kBD7BQBs6zwlWfTZS1O0vxfaEWxgSIuDgw25w,2022-01-08 16:00:20,TOP,TOP,False,EUW1_5655222377,Olaf
B4uWhxL2j8VzSseKX6OyEjNEZIKAAXqhdulOB6lz1kBD7BQBs6zwlWfTZS1O0vxfaEWxgSIuDgw25w,2022-01-08 15:15:26,JUNGLE,TOP,False,EUW1_5655162615,Cassiopeia
B4uWhxL2j8VzSseKX6OyEjNEZIKAAXqhdulOB6lz1kBD7BQBs6zwlWfTZS1O0vxfaEWxgSIuDgw25w,2022-01-08 14:27:11,TOP,TOP,True,EUW1_5655062877,Cassiopeia
B4uWhxL2j8VzSseKX6OyEjNEZIKAAXqhdulOB6lz1kBD7BQBs6zwlWfTZS1O0vxfaEWxgSIuDgw25w,2022-01-08 13:52:32,TOP,TOP,True,EUW1_5654966361,Cassiopeia
B4uWhxL2j8VzSseKX6OyEjNEZIKAAXqhdulOB6lz1kBD7BQBs6zwlWfTZS1O0vxfaEWxgSIuDgw25w,2022-01-08 12:01:13,MIDDLE,MIDDLE,False,EUW1_5654709002,Cassiopeia
B4uWhxL2j8VzSseKX6OyEjNEZIKAAXqhdulOB6lz1kBD7BQBs6zwlWfTZS1O0vxfaEWxgSIuDgw25w,2022-01-08 11:45:55,NONE,MIDDLE,True,EUW1_5654736753,Cassiopeia
B4uWhxL2j8VzSseKX6OyEjNEZIKAAXqhdulOB6lz1kBD7BQBs6zwlWfTZS1O0vxfaEWxgSIuDgw25w,2022-01-08 11:12:50,TOP,TOP,False,EUW1_5654722797,Cassiopeia
B4uWhxL2j8VzSseKX6OyEjNEZIKAAXqhdulOB6lz1kBD7BQBs6zwlWfTZS1O0vxfaEWxgSIuDgw25w,2022-01-07 20:39:21,MIDDLE,MIDDLE,True,EUW1_5653350218,Cassiopeia
B4uWhxL2j8VzSseKX6OyEjNEZIKAAXqhdulOB6lz1kBD7BQBs6zwlWfTZS1O0vxfaEWxgSIuDgw25w,2022-01-07 20:04:01,MIDDLE,MIDDLE,True,EUW1_5653351714,Cassiopeia
B4uWhxL2j8VzSseKX6OyEjNEZIKAAXqhdulOB6lz1kBD7BQBs6zwlWfTZS1O0vxfaEWxgSIuDgw25w,2022-01-07 18:23:06,MIDDLE,MIDDLE,True,EUW1_5653109657,Cassiopeia
B4uWhxL2j8VzSseKX6OyEjNEZIKAAXqhdulOB6lz1kBD7BQBs6zwlWfTZS1O0vxfaEWxgSIuDgw25w,2022-01-07 17:40:01,NONE,MIDDLE,True,EUW1_5653081485,Cassiopeia
B4uWhxL2j8VzSseKX6OyEjNEZIKAAXqhdulOB6lz1kBD7BQBs6zwlWfTZS1O0vxfaEWxgSIuDgw25w,2022-01-07 16:54:27,TOP,TOP,True,EUW1_5652932333,TahmKench
B4uWhxL2j8VzSseKX6OyEjNEZIKAAXqhdulOB6lz1kBD7BQBs6zwlWfTZS1O0vxfaEWxgSIuDgw25w,2022-01-07 16:14:35,MIDDLE,MIDDLE,False,EUW1_5652894140,Cassiopeia
B4uWhxL2j8VzSseKX6OyEjNEZIKAAXqhdulOB6lz1kBD7BQBs6zwlWfTZS1O0vxfaEWxgSIuDgw25w,2022-01-07 13:45:13,TOP,MIDDLE,False,EUW1_5652538630,Cassiopeia
B4uWhxL2j8VzSseKX6OyEjNEZIKAAXqhdulOB6lz1kBD7BQBs6zwlWfTZS1O0vxfaEWxgSIuDgw25w,2022-01-07 13:03:34,TOP,TOP,False,EUW1_5652592612,TahmKench
B4uWhxL2j8VzSseKX6OyEjNEZIKAAXqhdulOB6lz1kBD7BQBs6zwlWfTZS1O0vxfaEWxgSIuDgw25w,2022-01-07 12:30:17,TOP,TOP,True,EUW1_5652448495,TahmKench
B4uWhxL2j8VzSseKX6OyEjNEZIKAAXqhdulOB6lz1kBD7BQBs6zwlWfTZS1O0vxfaEWxgSIuDgw25w,2022-01-07 11:06:56,MIDDLE,MIDDLE,True,EUW1_5652379117,Cassiopeia
B4uWhxL2j8VzSseKX6OyEjNEZIKAAXqhdulOB6lz1kBD7BQBs6zwlWfTZS1O0vxfaEWxgSIuDgw25w,2022-01-07 10:30:53,MIDDLE,MIDDLE,True,EUW1_5652345735,Cassiopeia
B4uWhxL2j8VzSseKX6OyEjNEZIKAAXqhdulOB6lz1kBD7BQBs6zwlWfTZS1O0vxfaEWxgSIuDgw25w,2022-01-07 09:51:54,MIDDLE,MIDDLE,False,EUW1_5652372680,Cassiopeia
B4uWhxL2j8VzSseKX6OyEjNEZIKAAXqhdulOB6lz1kBD7BQBs6zwlWfTZS1O0vxfaEWxgSIuDgw25w,2022-01-06 21:30:12,MIDDLE,MIDDLE,True,EUW1_5651804011,Cassiopeia
B4uWhxL2j8VzSseKX6OyEjNEZIKAAXqhdulOB6lz1kBD7BQBs6zwlWfTZS1O0vxfaEWxgSIuDgw25w,2021-11-06 16:01:17,JUNGLE,JUNGLE,True,EUW1_5541464369,Poppy
B4uWhxL2j8VzSseKX6OyEjNEZIKAAXqhdulOB6lz1kBD7BQBs6zwlWfTZS1O0vxfaEWxgSIuDgw25w,2021-11-06 15:19:36,JUNGLE,JUNGLE,False,EUW1_5541427354,JarvanIV
B4uWhxL2j8VzSseKX6OyEjNEZIKAAXqhdulOB6lz1kBD7BQBs6zwlWfTZS1O0vxfaEWxgSIuDgw25w,2021-09-08 13:31:12,TOP,TOP,False,EUW1_5451588420,Cassiopeia
B4uWhxL2j8VzSseKX6OyEjNEZIKAAXqhdulOB6lz1kBD7BQBs6zwlWfTZS1O0vxfaEWxgSIuDgw25w,2021-08-07 02:29:32,TOP,TOP,False,EUW1_5402826008,Cassiopeia
B4uWhxL2j8VzSseKX6OyEjNEZIKAAXqhdulOB6lz1kBD7BQBs6zwlWfTZS1O0vxfaEWxgSIuDgw25w,2021-08-07 01:51:54,TOP,TOP,False,EUW1_5402815180,Cassiopeia
B4uWhxL2j8VzSseKX6OyEjNEZIKAAXqhdulOB6lz1kBD7BQBs6zwlWfTZS1O0vxfaEWxgSIuDgw25w,2021-08-02 20:06:02,TOP,TOP,True,EUW1_5396738135,Cassiopeia
B4uWhxL2j8VzSseKX6OyEjNEZIKAAXqhdulOB6lz1kBD7BQBs6zwlWfTZS1O0vxfaEWxgSIuDgw25w,2021-08-01 14:25:10,TOP,TOP,False,EUW1_5394558491,Cassiopeia
B4uWhxL2j8VzSseKX6OyEjNEZIKAAXqhdulOB6lz1kBD7BQBs6zwlWfTZS1O0vxfaEWxgSIuDgw25w,2021-08-01 13:47:10,TOP,TOP,False,EUW1_5394514406,Cassiopeia
B4uWhxL2j8VzSseKX6OyEjNEZIKAAXqhdulOB6lz1kBD7BQBs6zwlWfTZS1O0vxfaEWxgSIuDgw25w,2021-07-28 17:39:46,NONE,TOP,False,EUW1_5388965093,Cassiopeia
B4uWhxL2j8VzSseKX6OyEjNEZIKAAXqhdulOB6lz1kBD7BQBs6zwlWfTZS1O0vxfaEWxgSIuDgw25w,2021-07-28 17:03:19,TOP,TOP,True,EUW1_5388920663,TahmKench
B4uWhxL2j8VzSseKX6OyEjNEZIKAAXqhdulOB6lz1kBD7BQBs6zwlWfTZS1O0vxfaEWxgSIuDgw25w,2021-07-28 16:11:35,TOP,TOP,False,EUW1_5388813658,TahmKench
B4uWhxL2j8VzSseKX6OyEjNEZIKAAXqhdulOB6lz1kBD7BQBs6zwlWfTZS1O0vxfaEWxgSIuDgw25w,2021-07-28 10:10:24,NONE,JUNGLE,False,EUW1_5388413483,TahmKench
B4uWhxL2j8VzSseKX6OyEjNEZIKAAXqhdulOB6lz1kBD7BQBs6zwlWfTZS1O0vxfaEWxgSIuDgw25w,2021-07-27 20:24:31,TOP,TOP,False,EUW1_5387910974,TahmKench
B4uWhxL2j8VzSseKX6OyEjNEZIKAAXqhdulOB6lz1kBD7BQBs6zwlWfTZS1O0vxfaEWxgSIuDgw25w,2021-07-27 19:36:48,TOP,TOP,False,EUW1_5387881187,Cassiopeia
B4uWhxL2j8VzSseKX6OyEjNEZIKAAXqhdulOB6lz1kBD7BQBs6zwlWfTZS1O0vxfaEWxgSIuDgw25w,2021-07-27 19:03:27,TOP,TOP,True,EUW1_5387727440,Cassiopeia
B4uWhxL2j8VzSseKX6OyEjNEZIKAAXqhdulOB6lz1kBD7BQBs6zwlWfTZS1O0vxfaEWxgSIuDgw25w,2021-07-27 17:22:19,NONE,TOP,False,EUW1_5387572441,Cassiopeia
B4uWhxL2j8VzSseKX6OyEjNEZIKAAXqhdulOB6lz1kBD7BQBs6zwlWfTZS1O0vxfaEWxgSIuDgw25w,2021-07-27 14:13:30,TOP,TOP,True,EUW1_5386977210,Cassiopeia
B4uWhxL2j8VzSseKX6OyEjNEZIKAAXqhdulOB6lz1kBD7BQBs6zwlWfTZS1O0vxfaEWxgSIuDgw25w,2021-07-27 13:36:26,TOP,TOP,True,EUW1_5387021289,TahmKench
B4uWhxL2j8VzSseKX6OyEjNEZIKAAXqhdulOB6lz1kBD7BQBs6zwlWfTZS1O0vxfaEWxgSIuDgw25w,2021-07-27 13:05:05,TOP,TOP,False,EUW1_5386898844,Cassiopeia
B4uWhxL2j8VzSseKX6OyEjNEZIKAAXqhdulOB6lz1kBD7BQBs6zwlWfTZS1O0vxfaEWxgSIuDgw25w,2021-07-27 12:31:16,MIDDLE,MIDDLE,True,EUW1_5386915016,TahmKench
B4uWhxL2j8VzSseKX6OyEjNEZIKAAXqhdulOB6lz1kBD7BQBs6zwlWfTZS1O0vxfaEWxgSIuDgw25w,2021-07-26 13:18:10,TOP,TOP,True,EUW1_5385576044,Cassiopeia
B4uWhxL2j8VzSseKX6OyEjNEZIKAAXqhdulOB6lz1kBD7BQBs6zwlWfTZS1O0vxfaEWxgSIuDgw25w,2021-07-26 12:32:43,TOP,TOP,True,EUW1_5385531470,Cassiopeia
B4uWhxL2j8VzSseKX6OyEjNEZIKAAXqhdulOB6lz1kBD7BQBs6zwlWfTZS1O0vxfaEWxgSIuDgw25w,2021-07-25 22:13:26,TOP,TOP,False,EUW1_5385070592,Cassiopeia
B4uWhxL2j8VzSseKX6OyEjNEZIKAAXqhdulOB6lz1kBD7BQBs6zwlWfTZS1O0vxfaEWxgSIuDgw25w,2021-07-25 21:38:21,TOP,TOP,False,EUW1_5384935879,Cassiopeia
B4uWhxL2j8VzSseKX6OyEjNEZIKAAXqhdulOB6lz1kBD7BQBs6zwlWfTZS1O0vxfaEWxgSIuDgw25w,2021-07-25 21:03:39,MIDDLE,TOP,True,EUW1_5384920672,Cassiopeia
B4uWhxL2j8VzSseKX6OyEjNEZIKAAXqhdulOB6lz1kBD7BQBs6zwlWfTZS1O0vxfaEWxgSIuDgw25w,2021-07-25 20:17:32,TOP,TOP,True,EUW1_5384752674,Cassiopeia
B4uWhxL2j8VzSseKX6OyEjNEZIKAAXqhdulOB6lz1kBD7BQBs6zwlWfTZS1O0vxfaEWxgSIuDgw25w,2021-07-25 17:07:38,TOP,TOP,True,EUW1_5384192435,Cassiopeia
B4uWhxL2j8VzSseKX6OyEjNEZIKAAXqhdulOB6lz1kBD7BQBs6zwlWfTZS1O0vxfaEWxgSIuDgw25w,2021-07-25 16:36:03,MIDDLE,MIDDLE,False,EUW1_5384088031,Cassiopeia
B4uWhxL2j8VzSseKX6OyEjNEZIKAAXqhdulOB6lz1kBD7BQBs6zwlWfTZS1O0vxfaEWxgSIuDgw25w,2021-07-25 14:23:42,TOP,TOP,False,EUW1_5383887691,Cassiopeia
B4uWhxL2j8VzSseKX6OyEjNEZIKAAXqhdulOB6lz1kBD7BQBs6zwlWfTZS1O0vxfaEWxgSIuDgw25w,2021-07-25 13:42:08,TOP,TOP,True,EUW1_5383911055,Cassiopeia
B4uWhxL2j8VzSseKX6OyEjNEZIKAAXqhdulOB6lz1kBD7BQBs6zwlWfTZS1O0vxfaEWxgSIuDgw25w,2021-07-25 13:09:23,MIDDLE,TOP,False,EUW1_5383865959,Cassiopeia
B4uWhxL2j8VzSseKX6OyEjNEZIKAAXqhdulOB6lz1kBD7BQBs6zwlWfTZS1O0vxfaEWxgSIuDgw25w,2021-07-24 08:33:53,TOP,TOP,False,EUW1_5381865864,Cassiopeia
B4uWhxL2j8VzSseKX6OyEjNEZIKAAXqhdulOB6lz1kBD7BQBs6zwlWfTZS1O0vxfaEWxgSIuDgw25w,2021-07-23 21:56:54,TOP,TOP,True,EUW1_5381480413,Cassiopeia
B4uWhxL2j8VzSseKX6OyEjNEZIKAAXqhdulOB6lz1kBD7BQBs6zwlWfTZS1O0vxfaEWxgSIuDgw25w,2021-07-23 21:22:55,JUNGLE,TOP,True,EUW1_5381465280,Cassiopeia
B4uWhxL2j8VzSseKX6OyEjNEZIKAAXqhdulOB6lz1kBD7BQBs6zwlWfTZS1O0vxfaEWxgSIuDgw25w,2021-07-23 14:18:11,TOP,TOP,True,EUW1_5380896316,Cassiopeia
B4uWhxL2j8VzSseKX6OyEjNEZIKAAXqhdulOB6lz1kBD7BQBs6zwlWfTZS1O0vxfaEWxgSIuDgw25w,2021-07-23 13:33:24,TOP,TOP,True,EUW1_5380821214,Cassiopeia
B4uWhxL2j8VzSseKX6OyEjNEZIKAAXqhdulOB6lz1kBD7BQBs6zwlWfTZS1O0vxfaEWxgSIuDgw25w,2021-07-23 12:59:44,TOP,TOP,True,EUW1_5380736846,Cassiopeia
B4uWhxL2j8VzSseKX6OyEjNEZIKAAXqhdulOB6lz1kBD7BQBs6zwlWfTZS1O0vxfaEWxgSIuDgw25w,2021-07-22 12:02:26,NONE,BOTTOM,False,EUW1_5378966609,Cassiopeia
B4uWhxL2j8VzSseKX6OyEjNEZIKAAXqhdulOB6lz1kBD7BQBs6zwlWfTZS1O0vxfaEWxgSIuDgw25w,2021-07-21 13:10:44,TOP,TOP,False,EUW1_5377847712,Cassiopeia
B4uWhxL2j8VzSseKX6OyEjNEZIKAAXqhdulOB6lz1kBD7BQBs6zwlWfTZS1O0vxfaEWxgSIuDgw25w,2021-07-21 12:46:11,NONE,TOP,True,EUW1_5377785371,Cassiopeia
B4uWhxL2j8VzSseKX6OyEjNEZIKAAXqhdulOB6lz1kBD7BQBs6zwlWfTZS1O0vxfaEWxgSIuDgw25w,2021-07-21 12:20:58,NONE,TOP,False,EUW1_5377822948,Cassiopeia
X1oDwC_qwedEJB1kkLeeEB4iv9K7fe8-EOP3_4l01hWZUYZ5lYz2QkRF8FNHCSxd2i1ShblT2uEeUw,2021-07-07 08:08:26,JUNGLE,JUNGLE,True,EUW1_5356099593,Zac
X1oDwC_qwedEJB1kkLeeEB4iv9K7fe8-EOP3_4l01hWZUYZ5lYz2QkRF8FNHCSxd2i1ShblT2uEeUw,2021-07-06 15:58:11,MIDDLE,MIDDLE,False,EUW1_5355154548,Leblanc
X1oDwC_qwedEJB1kkLeeEB4iv9K7fe8-EOP3_4l01hWZUYZ5lYz2QkRF8FNHCSxd2i1ShblT2uEeUw,2021-07-06 15:27:01,MIDDLE,MIDDLE,False,EUW1_5355072451,Velkoz
X1oDwC_qwedEJB1kkLeeEB4iv9K7fe8-EOP3_4l01hWZUYZ5lYz2QkRF8FNHCSxd2i1ShblT2uEeUw,2021-07-06 15:02:41,NONE,MIDDLE,True,EUW1_5355027969,Ziggs
X1oDwC_qwedEJB1kkLeeEB4iv9K7fe8-EOP3_4l01hWZUYZ5lYz2QkRF8FNHCSxd2i1ShblT2uEeUw,2021-07-06 14:25:49,TOP,MIDDLE,True,EUW1_5354994177,Sylas
X1oDwC_qwedEJB1kkLeeEB4iv9K7fe8-EOP3_4l01hWZUYZ5lYz2QkRF8FNHCSxd2i1ShblT2uEeUw,2021-07-06 13:36:08,MIDDLE,MIDDLE,False,EUW1_5354869449,Sylas
X1oDwC_qwedEJB1kkLeeEB4iv9K7fe8-EOP3_4l01hWZUYZ5lYz2QkRF8FNHCSxd2i1ShblT2uEeUw,2021-07-06 09:12:07,JUNGLE,JUNGLE,False,EUW1_5354714447,Zac
X1oDwC_qwedEJB1kkLeeEB4iv9K7fe8-EOP3_4l01hWZUYZ5lYz2QkRF8FNHCSxd2i1ShblT2uEeUw,2021-07-05 14:30:37,TOP,JUNGLE,True,EUW1_5353588509,Zac
X1oDwC_qwedEJB1kkLeeEB4iv9K7fe8-EOP3_4l01hWZUYZ5lYz2QkRF8FNHCSxd2i1ShblT2uEeUw,2021-07-04 15:56:57,JUNGLE,JUNGLE,False,EUW1_5352241935,Zac
X1oDwC_qwedEJB1kkLeeEB4iv9K7fe8-EOP3_4l01hWZUYZ5lYz2QkRF8FNHCSxd2i1ShblT2uEeUw,2021-07-02 14:49:42,JUNGLE,JUNGLE,True,EUW1_5349423533,Zac
X1oDwC_qwedEJB1kkLeeEB4iv9K7fe8-EOP3_4l01hWZUYZ5lYz2QkRF8FNHCSxd2i1ShblT2uEeUw,2021-07-02 14:20:40,JUNGLE,JUNGLE,True,EUW1_5349360845,Zac
X1oDwC_qwedEJB1kkLeeEB4iv9K7fe8-EOP3_4l01hWZUYZ5lYz2QkRF8FNHCSxd2i1ShblT2uEeUw,2021-07-01 16:00:56,JUNGLE,JUNGLE,True,EUW1_5347904504,Khazix
X1oDwC_qwedEJB1kkLeeEB4iv9K7fe8-EOP3_4l01hWZUYZ5lYz2QkRF8FNHCSxd2i1ShblT2uEeUw,2021-07-01 15:20:48,MIDDLE,MIDDLE,False,EUW1_5347869228,Zed
X1oDwC_qwedEJB1kkLeeEB4iv9K7fe8-EOP3_4l01hWZUYZ5lYz2QkRF8FNHCSxd2i1ShblT2uEeUw,2021-07-01 14:45:01,MIDDLE,MIDDLE,False,EUW1_5347864833,Orianna
X1oDwC_qwedEJB1kkLeeEB4iv9K7fe8-EOP3_4l01hWZUYZ5lYz2QkRF8FNHCSxd2i1ShblT2uEeUw,2021-07-01 14:00:24,JUNGLE,JUNGLE,False,EUW1_5347769636,Zac
X1oDwC_qwedEJB1kkLeeEB4iv9K7fe8-EOP3_4l01hWZUYZ5lYz2QkRF8FNHCSxd2i1ShblT2uEeUw,2021-07-01 13:37:26,NONE,UTILITY,False,EUW1_5347767097,Bard
X1oDwC_qwedEJB1kkLeeEB4iv9K7fe8-EOP3_4l01hWZUYZ5lYz2QkRF8FNHCSxd2i1ShblT2uEeUw,2021-07-01 13:04:32,BOTTOM,UTILITY,False,EUW1_5347733568,Thresh
X1oDwC_qwedEJB1kkLeeEB4iv9K7fe8-EOP3_4l01hWZUYZ5lYz2QkRF8FNHCSxd2i1ShblT2uEeUw,2021-06-30 15:27:05,BOTTOM,UTILITY,True,EUW1_5346656744,Blitzcrank
X1oDwC_qwedEJB1kkLeeEB4iv9K7fe8-EOP3_4l01hWZUYZ5lYz2QkRF8FNHCSxd2i1ShblT2uEeUw,2021-06-30 14:50:46,BOTTOM,UTILITY,False,EUW1_5346582414,Thresh
X1oDwC_qwedEJB1kkLeeEB4iv9K7fe8-EOP3_4l01hWZUYZ5lYz2QkRF8FNHCSxd2i1ShblT2uEeUw,2021-06-30 14:21:41,BOTTOM,UTILITY,True,EUW1_5346508817,Thresh
X1oDwC_qwedEJB1kkLeeEB4iv9K7fe8-EOP3_4l01hWZUYZ5lYz2QkRF8FNHCSxd2i1ShblT2uEeUw,2021-06-30 13:41:05,JUNGLE,JUNGLE,False,EUW1_5346553778,Zac
X1oDwC_qwedEJB1kkLeeEB4iv9K7fe8-EOP3_4l01hWZUYZ5lYz2QkRF8FNHCSxd2i1ShblT2uEeUw,2021-06-30 13:05:29,JUNGLE,JUNGLE,False,EUW1_5346459814,Zac
X1oDwC_qwedEJB1kkLeeEB4iv9K7fe8-EOP3_4l01hWZUYZ5lYz2QkRF8FNHCSxd2i1ShblT2uEeUw,2021-06-30 12:21:23,JUNGLE,JUNGLE,True,EUW1_5346425276,Zac
X1oDwC_qwedEJB1kkLeeEB4iv9K7fe8-EOP3_4l01hWZUYZ5lYz2QkRF8FNHCSxd2i1ShblT2uEeUw,2021-06-28 13:23:59,MIDDLE,MIDDLE,False,EUW1_5343246431,Ekko
X1oDwC_qwedEJB1kkLeeEB4iv9K7fe8-EOP3_4l01hWZUYZ5lYz2QkRF8FNHCSxd2i1ShblT2uEeUw,2021-06-28 12:47:03,JUNGLE,JUNGLE,True,EUW1_5343212109,Zac
X1oDwC_qwedEJB1kkLeeEB4iv9K7fe8-EOP3_4l01hWZUYZ5lYz2QkRF8FNHCSxd2i1ShblT2uEeUw,2021-06-28 12:09:29,JUNGLE,JUNGLE,True,EUW1_5343137947,Zac
X1oDwC_qwedEJB1kkLeeEB4iv9K7fe8-EOP3_4l01hWZUYZ5lYz2QkRF8FNHCSxd2i1ShblT2uEeUw,2021-06-27 13:58:29,MIDDLE,MIDDLE,False,EUW1_5341533761,Sylas
X1oDwC_qwedEJB1kkLeeEB4iv9K7fe8-EOP3_4l01hWZUYZ5lYz2QkRF8FNHCSxd2i1ShblT2uEeUw,2021-06-27 13:14:15,MIDDLE,MIDDLE,True,EUW1_5341447030,Sylas
X1oDwC_qwedEJB1kkLeeEB4iv9K7fe8-EOP3_4l01hWZUYZ5lYz2QkRF8FNHCSxd2i1ShblT2uEeUw,2021-06-27 12:31:01,TOP,TOP,True,EUW1_5341421339,Sylas
X1oDwC_qwedEJB1kkLeeEB4iv9K7fe8-EOP3_4l01hWZUYZ5lYz2QkRF8FNHCSxd2i1ShblT2uEeUw,2021-06-27 11:51:17,JUNGLE,JUNGLE,False,EUW1_5341385811,Zac
X1oDwC_qwedEJB1kkLeeEB4iv9K7fe8-EOP3_4l01hWZUYZ5lYz2QkRF8FNHCSxd2i1ShblT2uEeUw,2021-06-26 15:17:09,JUNGLE,JUNGLE,False,EUW1_5340248515,Zac
X1oDwC_qwedEJB1kkLeeEB4iv9K7fe8-EOP3_4l01hWZUYZ5lYz2QkRF8FNHCSxd2i1ShblT2uEeUw,2021-06-26 14:41:54,JUNGLE,JUNGLE,False,EUW1_5340233858,Zac
X1oDwC_qwedEJB1kkLeeEB4iv9K7fe8-EOP3_4l01hWZUYZ5lYz2QkRF8FNHCSxd2i1ShblT2uEeUw,2021-06-25 14:59:52,JUNGLE,JUNGLE,False,EUW1_5338537866,Zac
X1oDwC_qwedEJB1kkLeeEB4iv9K7fe8-EOP3_4l01hWZUYZ5lYz2QkRF8FNHCSxd2i1ShblT2uEeUw,2021-06-25 14:29:11,JUNGLE,JUNGLE,True,EUW1_5338454453,Zac
X1oDwC_qwedEJB1kkLeeEB4iv9K7fe8-EOP3_4l01hWZUYZ5lYz2QkRF8FNHCSxd2i1ShblT2uEeUw,2021-06-25 13:48:14,JUNGLE,JUNGLE,False,EUW1_5338438464,Zac
X1oDwC_qwedEJB1kkLeeEB4iv9K7fe8-EOP3_4l01hWZUYZ5lYz2QkRF8FNHCSxd2i1ShblT2uEeUw,2021-06-25 13:10:01,JUNGLE,JUNGLE,True,EUW1_5338384053,Zac
X1oDwC_qwedEJB1kkLeeEB4iv9K7fe8-EOP3_4l01hWZUYZ5lYz2QkRF8FNHCSxd2i1ShblT2uEeUw,2021-06-24 16:55:14,JUNGLE,JUNGLE,False,EUW1_5337076939,Zac
X1oDwC_qwedEJB1kkLeeEB4iv9K7fe8-EOP3_4l01hWZUYZ5lYz2QkRF8FNHCSxd2i1ShblT2uEeUw,2021-06-24 15:19:16,JUNGLE,JUNGLE,False,EUW1_5336813517,Kayn
X1oDwC_qwedEJB1kkLeeEB4iv9K7fe8-EOP3_4l01hWZUYZ5lYz2QkRF8FNHCSxd2i1ShblT2uEeUw,2021-06-24 14:34:09,JUNGLE,JUNGLE,False,EUW1_5336767303,Zac
X1oDwC_qwedEJB1kkLeeEB4iv9K7fe8-EOP3_4l01hWZUYZ5lYz2QkRF8FNHCSxd2i1ShblT2uEeUw,2021-06-24 13:31:04,JUNGLE,JUNGLE,True,EUW1_5336659622,Zac
X1oDwC_qwedEJB1kkLeeEB4iv9K7fe8-EOP3_4l01hWZUYZ5lYz2QkRF8FNHCSxd2i1ShblT2uEeUw,2021-06-24 12:59:26,JUNGLE,JUNGLE,True,EUW1_5336675555,Zac
X1oDwC_qwedEJB1kkLeeEB4iv9K7fe8-EOP3_4l01hWZUYZ5lYz2QkRF8FNHCSxd2i1ShblT2uEeUw,2021-06-24 12:30:11,JUNGLE,JUNGLE,False,EUW1_5336622793,Zac
X1oDwC_qwedEJB1kkLeeEB4iv9K7fe8-EOP3_4l01hWZUYZ5lYz2QkRF8FNHCSxd2i1ShblT2uEeUw,2021-06-24 12:02:20,NONE,JUNGLE,True,EUW1_5336490173,Zac
X1oDwC_qwedEJB1kkLeeEB4iv9K7fe8-EOP3_4l01hWZUYZ5lYz2QkRF8FNHCSxd2i1ShblT2uEeUw,2021-06-23 13:31:50,NONE,JUNGLE,True,EUW1_5335413880,Zac
X1oDwC_qwedEJB1kkLeeEB4iv9K7fe8-EOP3_4l01hWZUYZ5lYz2QkRF8FNHCSxd2i1ShblT2uEeUw,2021-08-16 12:08:40,NONE,MIDDLE,False,EUW1_5416423147,Ekko
X1oDwC_qwedEJB1kkLeeEB4iv9K7fe8-EOP3_4l01hWZUYZ5lYz2QkRF8FNHCSxd2i1ShblT2uEeUw,2021-08-13 14:06:22,BOTTOM,BOTTOM,True,EUW1_5412334698,Ziggs
X1oDwC_qwedEJB1kkLeeEB4iv9K7fe8-EOP3_4l01hWZUYZ5lYz2QkRF8FNHCSxd2i1ShblT2uEeUw,2021-08-13 13:19:02,MIDDLE,MIDDLE,True,EUW1_5412238602,Ekko
X1oDwC_qwedEJB1kkLeeEB4iv9K7fe8-EOP3_4l01hWZUYZ5lYz2QkRF8FNHCSxd2i1ShblT2uEeUw,2021-08-13 12:43:54,JUNGLE,JUNGLE,False,EUW1_5412165448,Poppy
X1oDwC_qwedEJB1kkLeeEB4iv9K7fe8-EOP3_4l01hWZUYZ5lYz2QkRF8FNHCSxd2i1ShblT2uEeUw,2021-08-13 12:07:25,JUNGLE,JUNGLE,False,EUW1_5412221106,Zac
X1oDwC_qwedEJB1kkLeeEB4iv9K7fe8-EOP3_4l01hWZUYZ5lYz2QkRF8FNHCSxd2i1ShblT2uEeUw,2021-08-13 11:35:54,JUNGLE,JUNGLE,True,EUW1_5412078373,Zac
X1oDwC_qwedEJB1kkLeeEB4iv9K7fe8-EOP3_4l01hWZUYZ5lYz2QkRF8FNHCSxd2i1ShblT2uEeUw,2021-08-12 22:17:55,MIDDLE,MIDDLE,False,EUW1_5411385111,Ahri
X1oDwC_qwedEJB1kkLeeEB4iv9K7fe8-EOP3_4l01hWZUYZ5lYz2QkRF8FNHCSxd2i1ShblT2uEeUw,2021-08-12 21:32:36,BOTTOM,BOTTOM,False,EUW1_5411208748,Ziggs
X1oDwC_qwedEJB1kkLeeEB4iv9K7fe8-EOP3_4l01hWZUYZ5lYz2QkRF8FNHCSxd2i1ShblT2uEeUw,2021-08-12 20:50:48,BOTTOM,BOTTOM,False,EUW1_5411222318,Ziggs
X1oDwC_qwedEJB1kkLeeEB4iv9K7fe8-EOP3_4l01hWZUYZ5lYz2QkRF8FNHCSxd2i1ShblT2uEeUw,2021-08-12 20:12:30,BOTTOM,BOTTOM,True,EUW1_5411116293,Ziggs
X1oDwC_qwedEJB1kkLeeEB4iv9K7fe8-EOP3_4l01hWZUYZ5lYz2QkRF8FNHCSxd2i1ShblT2uEeUw,2021-08-12 14:41:55,BOTTOM,BOTTOM,False,EUW1_5410703416,Ezreal
X1oDwC_qwedEJB1kkLeeEB4iv9K7fe8-EOP3_4l01hWZUYZ5lYz2QkRF8FNHCSxd2i1ShblT2uEeUw,2021-08-12 13:59:58,BOTTOM,BOTTOM,True,EUW1_5410638590,Ziggs
X1oDwC_qwedEJB1kkLeeEB4iv9K7fe8-EOP3_4l01hWZUYZ5lYz2QkRF8FNHCSxd2i1ShblT2uEeUw,2021-08-12 13:16:24,BOTTOM,BOTTOM,True,EUW1_5410663374,Ziggs
X1oDwC_qwedEJB1kkLeeEB4iv9K7fe8-EOP3_4l01hWZUYZ5lYz2QkRF8FNHCSxd2i1ShblT2uEeUw,2021-08-12 12:41:28,BOTTOM,BOTTOM,False,EUW1_5410550081,Ziggs
X1oDwC_qwedEJB1kkLeeEB4iv9K7fe8-EOP3_4l01hWZUYZ5lYz2QkRF8FNHCSxd2i1ShblT2uEeUw,2021-08-10 23:05:20,BOTTOM,BOTTOM,True,EUW1_5408458268,Ziggs
X1oDwC_qwedEJB1kkLeeEB4iv9K7fe8-EOP3_4l01hWZUYZ5lYz2QkRF8FNHCSxd2i1ShblT2uEeUw,2021-08-10 15:56:46,BOTTOM,BOTTOM,True,EUW1_5407951534,Ziggs
X1oDwC_qwedEJB1kkLeeEB4iv9K7fe8-EOP3_4l01hWZUYZ5lYz2QkRF8FNHCSxd2i1ShblT2uEeUw,2021-08-09 22:57:21,BOTTOM,BOTTOM,True,EUW1_5407275591,Ziggs
X1oDwC_qwedEJB1kkLeeEB4iv9K7fe8-EOP3_4l01hWZUYZ5lYz2QkRF8FNHCSxd2i1ShblT2uEeUw,2021-08-09 22:21:31,JUNGLE,JUNGLE,False,EUW1_5407251968,Zac
X1oDwC_qwedEJB1kkLeeEB4iv9K7fe8-EOP3_4l01hWZUYZ5lYz2QkRF8FNHCSxd2i1ShblT2uEeUw,2021-08-09 21:28:23,MIDDLE,MIDDLE,False,EUW1_5407202952,Leblanc
X1oDwC_qwedEJB1kkLeeEB4iv9K7fe8-EOP3_4l01hWZUYZ5lYz2QkRF8FNHCSxd2i1ShblT2uEeUw,2021-08-09 20:47:29,BOTTOM,UTILITY,False,EUW1_5407068190,Nautilus
X1oDwC_qwedEJB1kkLeeEB4iv9K7fe8-EOP3_4l01hWZUYZ5lYz2QkRF8FNHCSxd2i1ShblT2uEeUw,2021-08-09 14:13:37,BOTTOM,UTILITY,True,EUW1_5406453037,Bard
X1oDwC_qwedEJB1kkLeeEB4iv9K7fe8-EOP3_4l01hWZUYZ5lYz2QkRF8FNHCSxd2i1ShblT2uEeUw,2021-08-09 13:44:32,BOTTOM,UTILITY,False,EUW1_5406401248,Thresh
X1oDwC_qwedEJB1kkLeeEB4iv9K7fe8-EOP3_4l01hWZUYZ5lYz2QkRF8FNHCSxd2i1ShblT2uEeUw,2021-08-09 13:33:16,NONE,UTILITY,True,EUW1_5406297624,Thresh
X1oDwC_qwedEJB1kkLeeEB4iv9K7fe8-EOP3_4l01hWZUYZ5lYz2QkRF8FNHCSxd2i1ShblT2uEeUw,2021-08-09 12:18:09,MIDDLE,MIDDLE,False,EUW1_5406079521,Ekko
X1oDwC_qwedEJB1kkLeeEB4iv9K7fe8-EOP3_4l01hWZUYZ5lYz2QkRF8FNHCSxd2i1ShblT2uEeUw,2021-08-08 17:26:42,JUNGLE,JUNGLE,False,EUW1_5405181660,Khazix
X1oDwC_qwedEJB1kkLeeEB4iv9K7fe8-EOP3_4l01hWZUYZ5lYz2QkRF8FNHCSxd2i1ShblT2uEeUw,2021-08-08 16:44:04,JUNGLE,JUNGLE,False,EUW1_5405115440,Zac
X1oDwC_qwedEJB1kkLeeEB4iv9K7fe8-EOP3_4l01hWZUYZ5lYz2QkRF8FNHCSxd2i1ShblT2uEeUw,2021-08-08 16:05:59,JUNGLE,JUNGLE,False,EUW1_5405070713,Zac
X1oDwC_qwedEJB1kkLeeEB4iv9K7fe8-EOP3_4l01hWZUYZ5lYz2QkRF8FNHCSxd2i1ShblT2uEeUw,2021-08-07 03:03:59,JUNGLE,JUNGLE,True,EUW1_5402857000,Zac
X1oDwC_qwedEJB1kkLeeEB4iv9K7fe8-EOP3_4l01hWZUYZ5lYz2QkRF8FNHCSxd2i1ShblT2uEeUw,2021-08-07 02:29:32,JUNGLE,JUNGLE,False,EUW1_5402826008,Zac
X1oDwC_qwedEJB1kkLeeEB4iv9K7fe8-EOP3_4l01hWZUYZ5lYz2QkRF8FNHCSxd2i1ShblT2uEeUw,2021-08-05 14:27:50,JUNGLE,JUNGLE,True,EUW1_5400380232,Zac
X1oDwC_qwedEJB1kkLeeEB4iv9K7fe8-EOP3_4l01hWZUYZ5lYz2QkRF8FNHCSxd2i1ShblT2uEeUw,2021-08-05 13:45:24,MIDDLE,MIDDLE,True,EUW1_5400384956,Ziggs
X1oDwC_qwedEJB1kkLeeEB4iv9K7fe8-EOP3_4l01hWZUYZ5lYz2QkRF8FNHCSxd2i1ShblT2uEeUw,2021-08-05 13:07:44,JUNGLE,JUNGLE,False,EUW1_5400380565,Kayn
X1oDwC_qwedEJB1kkLeeEB4iv9K7fe8-EOP3_4l01hWZUYZ5lYz2QkRF8FNHCSxd2i1ShblT2uEeUw,2021-08-05 12:34:56,JUNGLE,JUNGLE,True,EUW1_5400267494,Zac
X1oDwC_qwedEJB1kkLeeEB4iv9K7fe8-EOP3_4l01hWZUYZ5lYz2QkRF8FNHCSxd2i1ShblT2uEeUw,2021-08-05 11:54:23,MIDDLE,MIDDLE,False,EUW1_5400302525,Ekko
X1oDwC_qwedEJB1kkLeeEB4iv9K7fe8-EOP3_4l01hWZUYZ5lYz2QkRF8FNHCSxd2i1ShblT2uEeUw,2021-08-04 23:02:57,JUNGLE,JUNGLE,False,EUW1_5399865831,Kayn
X1oDwC_qwedEJB1kkLeeEB4iv9K7fe8-EOP3_4l01hWZUYZ5lYz2QkRF8FNHCSxd2i1ShblT2uEeUw,2021-08-04 22:30:12,MIDDLE,MIDDLE,True,EUW1_5399901391,Ekko
X1oDwC_qwedEJB1kkLeeEB4iv9K7fe8-EOP3_4l01hWZUYZ5lYz2QkRF8FNHCSxd2i1ShblT2uEeUw,2021-08-04 15:53:28,MIDDLE,MIDDLE,True,EUW1_5399245985,Ekko
X1oDwC_qwedEJB1kkLeeEB4iv9K7fe8-EOP3_4l01hWZUYZ5lYz2QkRF8FNHCSxd2i1ShblT2uEeUw,2021-08-04 15:18:19,JUNGLE,JUNGLE,False,EUW1_5399229604,Zac
X1oDwC_qwedEJB1kkLeeEB4iv9K7fe8-EOP3_4l01hWZUYZ5lYz2QkRF8FNHCSxd2i1ShblT2uEeUw,2021-08-04 14:28:28,JUNGLE,JUNGLE,True,EUW1_5399194019,Zac
X1oDwC_qwedEJB1kkLeeEB4iv9K7fe8-EOP3_4l01hWZUYZ5lYz2QkRF8FNHCSxd2i1ShblT2uEeUw,2021-08-03 16:36:23,JUNGLE,JUNGLE,False,EUW1_5397714724,Zac
X1oDwC_qwedEJB1kkLeeEB4iv9K7fe8-EOP3_4l01hWZUYZ5lYz2QkRF8FNHCSxd2i1ShblT2uEeUw,2021-08-03 16:01:41,JUNGLE,JUNGLE,True,EUW1_5397620139,Zac
X1oDwC_qwedEJB1kkLeeEB4iv9K7fe8-EOP3_4l01hWZUYZ5lYz2QkRF8FNHCSxd2i1ShblT2uEeUw,2021-08-03 15:18:39,JUNGLE,JUNGLE,False,EUW1_5397585637,Zac
X1oDwC_qwedEJB1kkLeeEB4iv9K7fe8-EOP3_4l01hWZUYZ5lYz2QkRF8FNHCSxd2i1ShblT2uEeUw,2021-08-03 14:40:33,JUNGLE,JUNGLE,True,EUW1_5397549435,Zac
X1oDwC_qwedEJB1kkLeeEB4iv9K7fe8-EOP3_4l01hWZUYZ5lYz2QkRF8FNHCSxd2i1ShblT2uEeUw,2021-08-02 14:47:18,JUNGLE,JUNGLE,False,EUW1_5396283057,Zac
X1oDwC_qwedEJB1kkLeeEB4iv9K7fe8-EOP3_4l01hWZUYZ5lYz2QkRF8FNHCSxd2i1ShblT2uEeUw,2021-08-02 14:06:24,JUNGLE,JUNGLE,False,EUW1_5396207430,Zac
X1oDwC_qwedEJB1kkLeeEB4iv9K7fe8-EOP3_4l01hWZUYZ5lYz2QkRF8FNHCSxd2i1ShblT2uEeUw,2021-08-02 13:33:47,JUNGLE,JUNGLE,True,EUW1_5396174452,Zac
